Workbook
Name convert: #REF!
Name convert: #REF!
Name convert: '[1]Scratch Sheet'!$B$159:$D$166
Name convert: #REF!
Name convert: #REF!
Name convert: '[1]Scratch Sheet'!$B$159:$D$166
Name convert: #REF!
Name goldlook: #REF!
Name goldlook: #REF!
Name goldlook: '[1]Scratch Sheet'!$B$62:$C$68
Name goldlook: #REF!
Name goldlook: #REF!
Name goldlook: '[1]Scratch Sheet'!$B$62:$C$68
Name goldlook: #REF!
Name goldlook2: #REF!
Name goldlook2: #REF!
Name goldlook2: #REF!
Name goldlook2: #REF!
Name goldlook2: #REF!
Name goldlook2: #REF!
Name goldlook2: #REF!
Name grouplook: #REF!
Name grouplook: #REF!
Name grouplook: [2]Sheet1!$E$5:$F$52
Name grouplook: #REF!
Name grouplook: #REF!
Name grouplook: [2]Sheet1!$E$5:$F$52
Name grouplook: #REF!
Name platlook: #REF!
Name platlook: #REF!
Name platlook: '[1]Scratch Sheet'!$B$56:$E$59
Name platlook: #REF!
Name platlook: #REF!
Name platlook: '[1]Scratch Sheet'!$B$56:$E$59
Name platlook: #REF!
Name RRput: #REF!
Name RRput: #REF!
Name RRput: [3]Sheet3!$Q$226:$R$275
Name RRput: #REF!
Name RRput: #REF!
Name RRput: [3]Sheet3!$Q$226:$R$275
Name RRput: #REF!
Name RRput4: #REF!
Name RRput4: #REF!
Name RRput4: [4]Sheet3!$G$4:$I$53
Name RRput4: #REF!
Name RRput4: #REF!
Name RRput4: [4]Sheet3!$G$4:$I$53
Name RRput4: #REF!
Name translate: #REF!
Name translate: #REF!
Name translate: [5]advancement!$O$181:$P$236
Name translate: #REF!
Name translate: #REF!
Name translate: [6]advancement!$O$181:$P$236
Name translate: #REF!

Sheet CHICLETS MASTER S1
A1: 2026 NJO S1 | J1: 2026 NJO S1 | O1: 2026 NJO S1 | U1: 2026 NJO S1 | Z1: 2026 NJO S1 | AL1: 2026 NJO S1 | AU1: 2026 NJO S1
A2: SATURDAY, JULY 18 | J2: SATURDAY, JULY 18 | O2: SATURDAY, JULY 18 | U2: SATURDAY, JULY 18 | Z2: SATURDAY, JULY 18 | AL2: SATURDAY, JULY 18 | AU2: SATURDAY, JULY 18
B3: EL TORO HS 1 | C3: EL TORO HS 2 | D3: EL TORO HS 3 | E3: BECKMAN HS 2 | F3: SADDLEBACK COLLEGE 2 | G3: CAPISTRANO VALLEY HS 2 | H3: TUSTIN HS 2 | I3: OCEAN VIEW HS 2 | K3: GOLDEN WEST COLLEGE 2 | L3: LA HABRA HS | M3: PORTOLA HS 2 | N3: TRABUCO HILLS HS | P3: WOOLLETT FAR RIGHT | Q3: ALISO NIGUEL HS | R3: SAN CLEMENTE HS | S3: MISSION VIEJO HS | T3: LAGUNA HILLS HS | V3: UC IRVINE 1 | W3: BECKMAN HS 1 | X3: VILLA PARK HS | Y3: ORANGE HS | AA3: GARDEN GROVE HS | AB3: UC IRVINE 2 | AC3: SADDLEBACK COLLEGE 1 | AD3: BUENA PARK HS | AE3: OCEAN VIEW HS 1 | AF3: MARINA HS | AG3: GOLDEN WEST COLLEGE 1 | AH3: CAPISTRANO VALLEY HS 1 | AI3: PORTOLA HS 1 | AJ3: LA SERNA HS | AK3: LONG BEACH CC 2 | AM3: WOOLLETT NEAR RIGHT | AN3: LONG BEACH CC 1 | AO3: YORBA LINDA HS | AP3: FULLERTON HS | AQ3: EDISON HS | AR3: SONORA HS | AS3: SERVITE HS | AV3: SAN JUAN HILLS HS | AW3: EL MODENA HS | AX3: WOOLLETT NEAR LEFT | AY3: CHAPMAN UNIVERSITY | AZ3: WESTMINSTER HS | BA3: TUSTIN HS 1 | BB3: FULLERTON COLLEGE | BE3: =COUNTA(B3:BC3) -> 46
A4: 0.29166667 | C4: ='10U_Coed_Champ_36'!L36&"-"&'10U_Coed_Champ_36'!C36&"-"&TEXT('10U_Coed_Champ_36'!B16,"h:mm am/pm") -> 10C-002-Group H-7:00 AM | E4: ='10U_Coed_Champ_36'!L16&"-"&'10U_Coed_Champ_36'!C16&"-"&TEXT('10U_Coed_Champ_36'!B16,"h:mm am/pm") -> 10C-001-Group A-7:00 AM | F4: ='10U_Coed_Champ_36'!L56&"-"&'10U_Coed_Champ_36'!C56&"-"&TEXT('10U_Coed_Champ_36'!B36,"h:mm am/pm") -> 10C-003-Group I-7:00 AM | I4: ='10U_Coed_Classic 22 from 23'!L12&"-"&'10U_Coed_Classic 22 from 23'!C12&"-"&TEXT('10U_Coed_Classic 22 from 23'!B12,"h:mm am/pm") -> 10CX-001-Group-7:00 AM | J4: 0.29166667 | K4: ='12U_Coed_Champ-45'!L20&"-"&'12U_Coed_Champ-45'!C20&"-"&TEXT('12U_Coed_Champ-45'!B20,"h:mm am/pm") -> 12C-001-Group-7:00 AM | L4: ='12U_Coed_Champ-45'!L38&"-"&'12U_Coed_Champ-45'!C38&"-"&TEXT('12U_Coed_Champ-45'!B38,"h:mm am/pm") -> 12C-004-Group-7:00 AM | M4: ='12U_Coed_Champ-45'!L57&"-"&'12U_Coed_Champ-45'!C57&"-"&TEXT('12U_Coed_Champ-45'!B57,"h:mm am/pm") -> 12C-003-bracket-7:00 AM | N4: ='12U_Coed_Champ-45'!L75&"-"&'12U_Coed_Champ-45'!C75&"-"&TEXT('12U_Coed_Champ-45'!B75,"h:mm am/pm") -> 12C-002-bracket-7:00 AM | O4: 0.29166667 | P4: ='12U_F_Champ-52'!L29&"-"&'12U_F_Champ-52'!C29&"-"&TEXT('12U_F_Champ-52'!B29,"h:mm am/pm") -> 12G-005-Group-7:00 AM | Q4: ='12U_F_Champ-52'!L68&"-"&'12U_F_Champ-52'!C68&"-"&TEXT('12U_F_Champ-52'!B68,"h:mm am/pm") -> 12G-002-Group-7:00 AM | R4: ='12U_F_Champ-52'!L107&"-"&'12U_F_Champ-52'!C107&"-"&TEXT('12U_F_Champ-52'!B107,"h:mm am/pm") -> 12G-004-Group-7:00 AM | S4: ='12U_F_Champ-52'!L48&"-"&'12U_F_Champ-52'!C48&"-"&TEXT('12U_F_Champ-52'!B48,"h:mm am/pm") -> 12G-001-Group-7:00 AM | T4: ='12U_F_Champ-52'!L88&"-"&'12U_F_Champ-52'!C88&"-"&TEXT('12U_F_Champ-52'!B88,"h:mm am/pm") -> 12G-003-Group-7:00 AM | U4: 0.29166667 | V4: ='14U_F_Champ'!L18&"-"&'14U_F_Champ'!C18&"-"&TEXT('14U_F_Champ'!B18,"h:mm am/pm") -> 14G-001-Group-7:00 AM | W4: ='14U_F_Classic-39 from 40'!L40&"-"&'14U_F_Classic-39 from 40'!C40&"-"&TEXT('14U_F_Classic-39 from 40'!B40,"h:mm am/pm") -> 14GX-004-Group-7:00 AM | X4: ='14U_F_Classic-39 from 40'!L58&"-"&'14U_F_Classic-39 from 40'!C58&"-"&TEXT('14U_F_Classic-39 from 40'!B58,"h:mm am/pm") -> 14GX-002-Group-7:00 AM | Y4: ='14U_F_Classic-39 from 40'!L76&"-"&'14U_F_Classic-39 from 40'!C76&"-"&TEXT('14U_F_Classic-39 from 40'!B76,"h:mm am/pm") -> 14GX-001-Group-7:00 AM | Z4: 0.29166667 | AA4: ='14U_F_Classic-39 from 40'!L22&"-"&'14U_F_Classic-39 from 40'!C22&"-"&TEXT('14U_F_Classic-39 from 40'!B22,"h:mm am/pm") -> 14GX-003-Group-7:00 AM | AB4: ='14U_F_Champ'!L37&"-"&'14U_F_Champ'!C37&"-"&TEXT('14U_F_Champ'!B37,"h:mm am/pm") -> 14G-002-Group-7:00 AM | AC4: ='14U_F_Champ'!L56&"-"&'14U_F_Champ'!C56&"-"&TEXT('14U_F_Champ'!B56,"h:mm am/pm") -> 14G-003-Group-7:00 AM | AD4: ='14U_F_Champ'!L75&"-"&'14U_F_Champ'!C75&"-"&TEXT('14U_F_Champ'!B75,"h:mm am/pm") -> 14G-004-Group-7:00 AM | AF4: ='16U_F_Classic-45'!L38&"-"&'16U_F_Classic-45'!C38&"-"&TEXT('16U_F_Classic-45'!B38,"h:mm am/pm") -> 16GX-004-Group-7:00 AM | AG4: ='16U_F_Classic-45'!L20&"-"&'16U_F_Classic-45'!C20&"-"&TEXT('16U_F_Classic-45'!B20,"h:mm am/pm") -> 16GX-001-Group-7:00 AM | AH4: ='16U_F_Classic-45'!L75&"-"&'16U_F_Classic-45'!C75&"-"&TEXT('16U_F_Classic-45'!B75,"h:mm am/pm") -> 16GX-002-bracket-7:00 AM | AI4: ='16U_F_Classic-45'!L57&"-"&'16U_F_Classic-45'!C57&"-"&TEXT('16U_F_Classic-45'!B57,"h:mm am/pm") -> 16GX-003-bracket-7:00 AM | AJ4: ='16U_F_Champ'!L75&"-"&'16U_F_Champ'!C75&"-"&TEXT('16U_F_Champ'!B75,"h:mm am/pm") -> 16G-004-Group-7:00 AM | AK4: ='18U_F_Classic-44'!L20&"-"&'18U_F_Classic-44'!C20&"-"&TEXT('18U_F_Classic-44'!B20,"h:mm am/pm") -> 18GX-009-Group-7:00 AM | AL4: 0.29166667 | AM4: ='16U_F_Champ'!L18&"-"&'16U_F_Champ'!C18&"-"&TEXT('16U_F_Champ'!B18,"h:mm am/pm") -> 16G-001-Group-7:00 AM | AN4: ='16U_F_Champ'!L37&"-"&'16U_F_Champ'!C37&"-"&TEXT('16U_F_Champ'!B37,"h:mm am/pm") -> 16G-002-Group-7:00 AM | AO4: ='16U_F_Champ'!L56&"-"&'16U_F_Champ'!C56&"-"&TEXT('16U_F_Champ'!B56,"h:mm am/pm") -> 16G-003-Group-7:00 AM | AP4: ='18U_F_Classic-44'!L81&"-"&'18U_F_Classic-44'!C81&"-"&TEXT('18U_F_Classic-44'!B81,"h:mm am/pm") -> 18GX-004-Group-7:00 AM | AQ4: ='18U_F_Classic-44'!L40&"-"&'18U_F_Classic-44'!C40&"-"&TEXT('18U_F_Classic-44'!B40,"h:mm am/pm") -> 18GX-002-Group-7:00 AM | AR4: ='18U_F_Classic-44'!L61&"-"&'18U_F_Classic-44'!C61&"-"&TEXT('18U_F_Classic-44'!B61,"h:mm am/pm") -> 18GX-011-Group-7:00 AM | AU4: 0.29166667 | AV4: ='18U_F_Champ'!L50&"-"&'18U_F_Champ'!C50&"-"&TEXT('18U_F_Champ'!B50,"h:mm am/pm") -> 18G-004-Group-7:00 AM | AX4: ='18U_F_Champ'!L82&"-"&'18U_F_Champ'!C82&"-"&TEXT('18U_F_Champ'!B82,"h:mm am/pm") -> 18G-005-Group-7:00 AM | AY4: ='18U_F_Champ'!L18&"-"&'18U_F_Champ'!C18&"-"&TEXT('18U_F_Champ'!B18,"h:mm am/pm") -> 18G-001-Group-7:00 AM | AZ4: ='18U_F_Champ'!L66&"-"&'18U_F_Champ'!C66&"-"&TEXT('18U_F_Champ'!B66,"h:mm am/pm") -> 18G-003-Group-7:00 AM | BB4: ='18U_F_Champ'!L34&"-"&'18U_F_Champ'!C34&"-"&TEXT('18U_F_Champ'!B34,"h:mm am/pm") -> 18G-002-Group-7:00 AM
A5: 0.32638889 | B5: ='10U_Coed_Classic 22 from 23'!L31&"-"&'10U_Coed_Classic 22 from 23'!C31&"-"&TEXT('10U_Coed_Classic 22 from 23'!B31,"h:mm am/pm") -> 10CX-002-Group-7:50 AM | C5: ='10U_Coed_Champ_36'!L37&"-"&'10U_Coed_Champ_36'!C37&"-"&TEXT('10U_Coed_Champ_36'!B17,"h:mm am/pm") -> 10C-005-Group G-7:50 AM | E5: ='10U_Coed_Champ_36'!L17&"-"&'10U_Coed_Champ_36'!C17&"-"&TEXT('10U_Coed_Champ_36'!B17,"h:mm am/pm") -> 10C-004-Group B-7:50 AM | F5: ='10U_Coed_Champ_36'!L57&"-"&'10U_Coed_Champ_36'!C57&"-"&TEXT('10U_Coed_Champ_36'!B37,"h:mm am/pm") -> 10C-006-Group J-7:50 AM | I5: ='10U_Coed_Classic 22 from 23'!L13&"-"&'10U_Coed_Classic 22 from 23'!C13&"-"&TEXT('10U_Coed_Classic 22 from 23'!B13,"h:mm am/pm") -> 10CX-003-Group-7:50 AM | J5: 0.32638889 | K5: ='12U_Coed_Champ-45'!L21&"-"&'12U_Coed_Champ-45'!C21&"-"&TEXT('12U_Coed_Champ-45'!B21,"h:mm am/pm") -> 12C-005-Group-7:50 AM | L5: ='12U_Coed_Champ-45'!L39&"-"&'12U_Coed_Champ-45'!C39&"-"&TEXT('12U_Coed_Champ-45'!B39,"h:mm am/pm") -> 12C-008-Group-7:50 AM | M5: ='12U_Coed_Champ-45'!L58&"-"&'12U_Coed_Champ-45'!C58&"-"&TEXT('12U_Coed_Champ-45'!B58,"h:mm am/pm") -> 12C-011-Group-7:50 AM | N5: ='12U_Coed_Champ-45'!L76&"-"&'12U_Coed_Champ-45'!C76&"-"&TEXT('12U_Coed_Champ-45'!B76,"h:mm am/pm") -> 12C-010-Group-7:50 AM | O5: 0.32638889 | P5: ='12U_F_Champ-52'!L30&"-"&'12U_F_Champ-52'!C30&"-"&TEXT('12U_F_Champ-52'!B30,"h:mm am/pm") -> 12G-5A-Group-7:50 AM | Q5: ='12U_F_Champ-52'!L69&"-"&'12U_F_Champ-52'!C69&"-"&TEXT('12U_F_Champ-52'!B69,"h:mm am/pm") -> 12G-007-Group-7:50 AM | R5: ='12U_F_Champ-52'!L108&"-"&'12U_F_Champ-52'!C108&"-"&TEXT('12U_F_Champ-52'!B108,"h:mm am/pm") -> 12G-009-Group-7:50 AM | S5: ='12U_F_Champ-52'!L49&"-"&'12U_F_Champ-52'!C49&"-"&TEXT('12U_F_Champ-52'!B49,"h:mm am/pm") -> 12G-006-Group-7:50 AM | T5: ='12U_F_Champ-52'!L89&"-"&'12U_F_Champ-52'!C89&"-"&TEXT('12U_F_Champ-52'!B89,"h:mm am/pm") -> 12G-008-Group-7:50 AM | U5: 0.32638889 | V5: ='14U_F_Champ'!L19&"-"&'14U_F_Champ'!C19&"-"&TEXT('14U_F_Champ'!B19,"h:mm am/pm") -> 14G-005-Group-7:50 AM | W5: ='14U_F_Classic-39 from 40'!L41&"-"&'14U_F_Classic-39 from 40'!C41&"-"&TEXT('14U_F_Classic-39 from 40'!B41,"h:mm am/pm") -> 14GX-008-Group-7:50 AM | X5: ='14U_F_Classic-39 from 40'!L59&"-"&'14U_F_Classic-39 from 40'!C59&"-"&TEXT('14U_F_Classic-39 from 40'!B59,"h:mm am/pm") -> 14GX-006-Group-7:50 AM | Y5: ='14U_F_Classic-39 from 40'!L77&"-"&'14U_F_Classic-39 from 40'!C77&"-"&TEXT('14U_F_Classic-39 from 40'!B77,"h:mm am/pm") -> 14GX-005-Group-7:50 AM | Z5: 0.32638889 | AA5: ='14U_F_Classic-39 from 40'!L23&"-"&'14U_F_Classic-39 from 40'!C23&"-"&TEXT('14U_F_Classic-39 from 40'!B23,"h:mm am/pm") -> 14GX-007-Group-7:50 AM | AB5: ='14U_F_Champ'!L38&"-"&'14U_F_Champ'!C38&"-"&TEXT('14U_F_Champ'!B38,"h:mm am/pm") -> 14G-006-Group-7:50 AM | AC5: ='14U_F_Champ'!L57&"-"&'14U_F_Champ'!C57&"-"&TEXT('14U_F_Champ'!B57,"h:mm am/pm") -> 14G-007-Group-7:50 AM | AD5: ='14U_F_Champ'!L76&"-"&'14U_F_Champ'!C76&"-"&TEXT('14U_F_Champ'!B76,"h:mm am/pm") -> 14G-008-Group-7:50 AM | AF5: ='16U_F_Classic-45'!L39&"-"&'16U_F_Classic-45'!C39&"-"&TEXT('16U_F_Classic-45'!B39,"h:mm am/pm") -> 16GX-008-Group-7:50 AM | AG5: ='16U_F_Classic-45'!L21&"-"&'16U_F_Classic-45'!C21&"-"&TEXT('16U_F_Classic-45'!B21,"h:mm am/pm") -> 16GX-005-Group-7:50 AM | AH5: ='16U_F_Classic-45'!L76&"-"&'16U_F_Classic-45'!C76&"-"&TEXT('16U_F_Classic-45'!B76,"h:mm am/pm") -> 16GX-010-Group-7:50 AM | AI5: ='16U_F_Classic-45'!L58&"-"&'16U_F_Classic-45'!C58&"-"&TEXT('16U_F_Classic-45'!B58,"h:mm am/pm") -> 16GX-011-Group-7:50 AM | AJ5: ='16U_F_Champ'!L76&"-"&'16U_F_Champ'!C76&"-"&TEXT('16U_F_Champ'!B76,"h:mm am/pm") -> 16G-008-Group-7:50 AM | AK5: ='18U_F_Classic-44'!L21&"-"&'18U_F_Classic-44'!C21&"-"&TEXT('18U_F_Classic-44'!B21,"h:mm am/pm") -> 18GX-013-Group-7:50 AM | AL5: 0.32638889 | AM5: ='16U_F_Champ'!L19&"-"&'16U_F_Champ'!C19&"-"&TEXT('16U_F_Champ'!B19,"h:mm am/pm") -> 16G-005-Group-7:50 AM | AN5: ='16U_F_Champ'!L38&"-"&'16U_F_Champ'!C38&"-"&TEXT('16U_F_Champ'!B38,"h:mm am/pm") -> 16G-006-Group-7:50 AM | AO5: ='16U_F_Champ'!L57&"-"&'16U_F_Champ'!C57&"-"&TEXT('16U_F_Champ'!B57,"h:mm am/pm") -> 16G-007-Group-7:50 AM | AP5: ='18U_F_Classic-44'!L82&"-"&'18U_F_Classic-44'!C82&"-"&TEXT('18U_F_Classic-44'!B82,"h:mm am/pm") -> 18GX-008-Group-7:50 AM | AQ5: ='18U_F_Classic-44'!L41&"-"&'18U_F_Classic-44'!C41&"-"&TEXT('18U_F_Classic-44'!B41,"h:mm am/pm") -> 18GX-006-Group-7:50 AM | AR5: ='18U_F_Classic-44'!L62&"-"&'18U_F_Classic-44'!C62&"-"&TEXT('18U_F_Classic-44'!B62,"h:mm am/pm") -> 18GX-015-Group-7:50 AM | AU5: 0.33333333 | AV5: ='18U_F_Champ'!L51&"-"&'18U_F_Champ'!C51&"-"&TEXT('18U_F_Champ'!B51,"h:mm am/pm") -> 18G-008-Group-8:00 AM | AX5: ='18U_F_Champ'!L83&"-"&'18U_F_Champ'!C83&"-"&TEXT('18U_F_Champ'!B83,"h:mm am/pm") -> 18G-010-Group-8:00 AM | AY5: ='18U_F_Champ'!L19&"-"&'18U_F_Champ'!C19&"-"&TEXT('18U_F_Champ'!B19,"h:mm am/pm") -> 18G-006-Group-8:00 AM | AZ5: ='18U_F_Champ'!L67&"-"&'18U_F_Champ'!C67&"-"&TEXT('18U_F_Champ'!B67,"h:mm am/pm") -> 18G-009-Group-8:00 AM | BB5: ='18U_F_Champ'!L35&"-"&'18U_F_Champ'!C35&"-"&TEXT('18U_F_Champ'!B35,"h:mm am/pm") -> 18G-007-Group-8:00 AM
A6: 0.36111111 | B6: ='10U_Coed_Classic 22 from 23'!L32&"-"&'10U_Coed_Classic 22 from 23'!C32&"-"&TEXT('10U_Coed_Classic 22 from 23'!B32,"h:mm am/pm") -> 10CX-008-Group-8:40 AM | C6: ='10U_Coed_Champ_36'!L38&"-"&'10U_Coed_Champ_36'!C38&"-"&TEXT('10U_Coed_Champ_36'!B18,"h:mm am/pm") -> 10C-008-Group F-8:40 AM | D6: ='10U_F_Champ-18 teams'!L12&"-"&'10U_F_Champ-18 teams'!C12&"-"&TEXT('10U_F_Champ-18 teams'!B12,"h:mm am/pm") -> 10G-001-RR-8:40 AM | E6: ='10U_Coed_Champ_36'!L18&"-"&'10U_Coed_Champ_36'!C18&"-"&TEXT('10U_Coed_Champ_36'!B18,"h:mm am/pm") -> 10C-007-Group C-8:40 AM | F6: ='10U_Coed_Champ_36'!L58&"-"&'10U_Coed_Champ_36'!C58&"-"&TEXT('10U_Coed_Champ_36'!B38,"h:mm am/pm") -> 10C-009-Group K-8:40 AM | G6: ='10U_F_Champ-18 teams'!L28&"-"&'10U_F_Champ-18 teams'!C28&"-"&TEXT('10U_F_Champ-18 teams'!B28,"h:mm am/pm") -> 10G-002-RR-8:40 AM | I6: ='10U_Coed_Classic 22 from 23'!L14&"-"&'10U_Coed_Classic 22 from 23'!C14&"-"&TEXT('10U_Coed_Classic 22 from 23'!B14,"h:mm am/pm") -> 10CX-005-Group-8:40 AM | J6: 0.36111111 | K6: ='12U_Coed_Champ-45'!L22&"-"&'12U_Coed_Champ-45'!C22&"-"&TEXT('12U_Coed_Champ-45'!B22,"h:mm am/pm") -> 12C-009-Group-8:40 AM | L6: ='12U_Coed_Champ-45'!L40&"-"&'12U_Coed_Champ-45'!C40&"-"&TEXT('12U_Coed_Champ-45'!B40,"h:mm am/pm") -> 12C-012-Group-8:40 AM | M6: ='12U_Coed_Champ-45'!L59&"-"&'12U_Coed_Champ-45'!C59&"-"&TEXT('12U_Coed_Champ-45'!B59,"h:mm am/pm") -> 12C-015-Group-8:40 AM | N6: ='12U_Coed_Champ-45'!L77&"-"&'12U_Coed_Champ-45'!C77&"-"&TEXT('12U_Coed_Champ-45'!B77,"h:mm am/pm") -> 12C-014-Group-8:40 AM | O6: 0.36111111 | P6: ='12U_F_Champ-52'!L31&"-"&'12U_F_Champ-52'!C31&"-"&TEXT('12U_F_Champ-52'!B31,"h:mm am/pm") -> 12G-010-Group-8:40 AM | Q6: ='12U_F_Champ-52'!L70&"-"&'12U_F_Champ-52'!C70&"-"&TEXT('12U_F_Champ-52'!B70,"h:mm am/pm") -> 12G-012-Group-8:40 AM | R6: ='12U_F_Champ-52'!L109&"-"&'12U_F_Champ-52'!C109&"-"&TEXT('12U_F_Champ-52'!B109,"h:mm am/pm") -> 12G-014-Group-8:40 AM | S6: ='12U_F_Champ-52'!L50&"-"&'12U_F_Champ-52'!C50&"-"&TEXT('12U_F_Champ-52'!B50,"h:mm am/pm") -> 12G-011-Group-8:40 AM | T6: ='12U_F_Champ-52'!L90&"-"&'12U_F_Champ-52'!C90&"-"&TEXT('12U_F_Champ-52'!B90,"h:mm am/pm") -> 12G-013-Group-8:40 AM | U6: 0.36111111 | V6: ='14U_F_Champ'!L20&"-"&'14U_F_Champ'!C20&"-"&TEXT('14U_F_Champ'!B20,"h:mm am/pm") -> 14G-009-Group-8:40 AM | W6: ='14U_F_Classic-39 from 40'!L42&"-"&'14U_F_Classic-39 from 40'!C42&"-"&TEXT('14U_F_Classic-39 from 40'!B42,"h:mm am/pm") -> 14GX-012-Group-8:40 AM | X6: ='14U_F_Classic-39 from 40'!L60&"-"&'14U_F_Classic-39 from 40'!C60&"-"&TEXT('14U_F_Classic-39 from 40'!B60,"h:mm am/pm") -> 14GX-010-Group-8:40 AM | Y6: ='14U_F_Classic-39 from 40'!L78&"-"&'14U_F_Classic-39 from 40'!C78&"-"&TEXT('14U_F_Classic-39 from 40'!B78,"h:mm am/pm") -> 14GX-009-Group-8:40 AM | Z6: 0.36111111 | AA6: ='14U_F_Classic-39 from 40'!L24&"-"&'14U_F_Classic-39 from 40'!C24&"-"&TEXT('14U_F_Classic-39 from 40'!B24,"h:mm am/pm") -> 14GX-011-Group-8:40 AM | AB6: ='14U_F_Champ'!L39&"-"&'14U_F_Champ'!C39&"-"&TEXT('14U_F_Champ'!B39,"h:mm am/pm") -> 14G-010-Group-8:40 AM | AC6: ='14U_F_Champ'!L58&"-"&'14U_F_Champ'!C58&"-"&TEXT('14U_F_Champ'!B58,"h:mm am/pm") -> 14G-011-Group-8:40 AM | AD6: ='14U_F_Champ'!L77&"-"&'14U_F_Champ'!C77&"-"&TEXT('14U_F_Champ'!B77,"h:mm am/pm") -> 14G-012-Group-8:40 AM | AF6: ='16U_F_Classic-45'!L40&"-"&'16U_F_Classic-45'!C40&"-"&TEXT('16U_F_Classic-45'!B40,"h:mm am/pm") -> 16GX-012-Group-8:40 AM | AG6: ='16U_F_Classic-45'!L22&"-"&'16U_F_Classic-45'!C22&"-"&TEXT('16U_F_Classic-45'!B22,"h:mm am/pm") -> 16GX-009-Group-8:40 AM | AH6: ='16U_F_Classic-45'!L77&"-"&'16U_F_Classic-45'!C77&"-"&TEXT('16U_F_Classic-45'!B77,"h:mm am/pm") -> 16GX-014-Group-8:40 AM | AI6: ='16U_F_Classic-45'!L59&"-"&'16U_F_Classic-45'!C59&"-"&TEXT('16U_F_Classic-45'!B59,"h:mm am/pm") -> 16GX-015-Group-8:40 AM | AJ6: ='16U_F_Champ'!L77&"-"&'16U_F_Champ'!C77&"-"&TEXT('16U_F_Champ'!B77,"h:mm am/pm") -> 16G-012-Group-8:40 AM | AK6: ='18U_F_Classic-44'!L22&"-"&'18U_F_Classic-44'!C22&"-"&TEXT('18U_F_Classic-44'!B22,"h:mm am/pm") -> 18GX-001-Group-8:40 AM | AL6: 0.36111111 | AM6: ='16U_F_Champ'!L20&"-"&'16U_F_Champ'!C20&"-"&TEXT('16U_F_Champ'!B20,"h:mm am/pm") -> 16G-009-Group-8:40 AM | AN6: ='16U_F_Champ'!L39&"-"&'16U_F_Champ'!C39&"-"&TEXT('16U_F_Champ'!B39,"h:mm am/pm") -> 16G-010-Group-8:40 AM | AO6: ='16U_F_Champ'!L58&"-"&'16U_F_Champ'!C58&"-"&TEXT('16U_F_Champ'!B58,"h:mm am/pm") -> 16G-011-Group-8:40 AM | AP6: ='18U_F_Classic-44'!L83&"-"&'18U_F_Classic-44'!C83&"-"&TEXT('18U_F_Classic-44'!B83,"h:mm am/pm") -> 18GX-012-Group-8:40 AM | AQ6: ='18U_F_Classic-44'!L42&"-"&'18U_F_Classic-44'!C42&"-"&TEXT('18U_F_Classic-44'!B42,"h:mm am/pm") -> 18GX-010-Group-8:40 AM | AR6: ='18U_F_Classic-44'!L63&"-"&'18U_F_Classic-44'!C63&"-"&TEXT('18U_F_Classic-44'!B63,"h:mm am/pm") -> 18GX-003-Group-8:40 AM | AU6: 0.375 | AV6: ='18U_F_Champ'!L52&"-"&'18U_F_Champ'!C52&"-"&TEXT('18U_F_Champ'!B52,"h:mm am/pm") -> 18G-013-Group-9:00 AM | AX6: ='18U_F_Champ'!L84&"-"&'18U_F_Champ'!C84&"-"&TEXT('18U_F_Champ'!B84,"h:mm am/pm") -> 18G-015-Group-9:00 AM | AY6: ='18U_F_Champ'!L20&"-"&'18U_F_Champ'!C20&"-"&TEXT('18U_F_Champ'!B20,"h:mm am/pm") -> 18G-011-Group-9:00 AM | AZ6: ='18U_F_Champ'!L68&"-"&'18U_F_Champ'!C68&"-"&TEXT('18U_F_Champ'!B68,"h:mm am/pm") -> 18G-014-Group-9:00 AM | BB6: ='18U_F_Champ'!L36&"-"&'18U_F_Champ'!C36&"-"&TEXT('18U_F_Champ'!B36,"h:mm am/pm") -> 18G-012-Group-9:00 AM
A7: 0.39583333 | B7: ='10U_Coed_Classic 22 from 23'!L33&"-"&'10U_Coed_Classic 22 from 23'!C33&"-"&TEXT('10U_Coed_Classic 22 from 23'!B33,"h:mm am/pm") -> 10CX-004-Group-9:30 AM | C7: ='10U_Coed_Champ_36'!L39&"-"&'10U_Coed_Champ_36'!C39&"-"&TEXT('10U_Coed_Champ_36'!B19,"h:mm am/pm") -> 10C-011-Group E-9:30 AM | D7: ='10U_F_Champ-18 teams'!L13&"-"&'10U_F_Champ-18 teams'!C13&"-"&TEXT('10U_F_Champ-18 teams'!B13,"h:mm am/pm") -> 10G-003-RR-9:30 AM | E7: ='10U_Coed_Champ_36'!L19&"-"&'10U_Coed_Champ_36'!C19&"-"&TEXT('10U_Coed_Champ_36'!B19,"h:mm am/pm") -> 10C-010-Group D-9:30 AM | F7: ='10U_Coed_Champ_36'!L59&"-"&'10U_Coed_Champ_36'!C59&"-"&TEXT('10U_Coed_Champ_36'!B39,"h:mm am/pm") -> 10C-012-Group L-9:30 AM | G7: ='10U_F_Champ-18 teams'!L29&"-"&'10U_F_Champ-18 teams'!C29&"-"&TEXT('10U_F_Champ-18 teams'!B29,"h:mm am/pm") -> 10G-004-RR-9:30 AM | I7: ='10U_Coed_Classic 22 from 23'!L15&"-"&'10U_Coed_Classic 22 from 23'!C15&"-"&TEXT('10U_Coed_Classic 22 from 23'!B15,"h:mm am/pm") -> 10CX-007-Group-9:30 AM | J7: 0.39583333 | K7: ='12U_Coed_Champ-45'!L23&"-"&'12U_Coed_Champ-45'!C23&"-"&TEXT('12U_Coed_Champ-45'!B23,"h:mm am/pm") -> 12C-017-Group-9:30 AM | L7: ='12U_Coed_Champ-45'!L41&"-"&'12U_Coed_Champ-45'!C41&"-"&TEXT('12U_Coed_Champ-45'!B41,"h:mm am/pm") -> 12C-016-Group-9:30 AM | M7: ='12U_Coed_Champ-45'!L60&"-"&'12U_Coed_Champ-45'!C60&"-"&TEXT('12U_Coed_Champ-45'!B60,"h:mm am/pm") -> 12C-019-Group-9:30 AM | N7: ='12U_Coed_Champ-45'!L78&"-"&'12U_Coed_Champ-45'!C78&"-"&TEXT('12U_Coed_Champ-45'!B78,"h:mm am/pm") -> 12C-018-Group-9:30 AM | O7: 0.39583333 | P7: ='12U_F_Champ-52'!L32&"-"&'12U_F_Champ-52'!C32&"-"&TEXT('12U_F_Champ-52'!B32,"h:mm am/pm") -> 12G-015-Group-9:30 AM | Q7: ='12U_F_Champ-52'!L71&"-"&'12U_F_Champ-52'!C71&"-"&TEXT('12U_F_Champ-52'!B71,"h:mm am/pm") -> 12G-016-Group-9:30 AM | R7: ='12U_F_Champ-52'!L110&"-"&'12U_F_Champ-52'!C110&"-"&TEXT('12U_F_Champ-52'!B110,"h:mm am/pm") -> 12G-018-Group-9:30 AM | S7: ='12U_F_Champ-52'!L51&"-"&'12U_F_Champ-52'!C51&"-"&TEXT('12U_F_Champ-52'!B51,"h:mm am/pm") -> 12G-019-Group-9:30 AM | T7: ='12U_F_Champ-52'!L91&"-"&'12U_F_Champ-52'!C91&"-"&TEXT('12U_F_Champ-52'!B91,"h:mm am/pm") -> 12G-017-Group-9:30 AM | U7: 0.39583333 | V7: ='14U_F_Champ'!L21&"-"&'14U_F_Champ'!C21&"-"&TEXT('14U_F_Champ'!B21,"h:mm am/pm") -> 14G-013-Group-9:30 AM | W7: ='14U_F_Classic-39 from 40'!L43&"-"&'14U_F_Classic-39 from 40'!C43&"-"&TEXT('14U_F_Classic-39 from 40'!B43,"h:mm am/pm") -> 14GX-016-Group-9:30 AM | X7: ='14U_F_Classic-39 from 40'!L61&"-"&'14U_F_Classic-39 from 40'!C61&"-"&TEXT('14U_F_Classic-39 from 40'!B61,"h:mm am/pm") -> 14GX-014-Group-9:30 AM | Y7: ='14U_F_Classic-39 from 40'!L79&"-"&'14U_F_Classic-39 from 40'!C79&"-"&TEXT('14U_F_Classic-39 from 40'!B79,"h:mm am/pm") -> 14GX-013-Group-9:30 AM | Z7: 0.39583333 | AA7: ='14U_F_Classic-39 from 40'!L25&"-"&'14U_F_Classic-39 from 40'!C25&"-"&TEXT('14U_F_Classic-39 from 40'!B25,"h:mm am/pm") -> 14GX-015-Group-9:30 AM | AB7: ='14U_F_Champ'!L40&"-"&'14U_F_Champ'!C40&"-"&TEXT('14U_F_Champ'!B40,"h:mm am/pm") -> 14G-014-Group-9:30 AM | AC7: ='14U_F_Champ'!L59&"-"&'14U_F_Champ'!C59&"-"&TEXT('14U_F_Champ'!B59,"h:mm am/pm") -> 14G-015-Group-9:30 AM | AD7: ='14U_F_Champ'!L78&"-"&'14U_F_Champ'!C78&"-"&TEXT('14U_F_Champ'!B78,"h:mm am/pm") -> 14G-016-Group-9:30 AM | AF7: ='16U_F_Classic-45'!L41&"-"&'16U_F_Classic-45'!C41&"-"&TEXT('16U_F_Classic-45'!B41,"h:mm am/pm") -> 16GX-016-Group-9:30 AM | AG7: ='16U_F_Classic-45'!L23&"-"&'16U_F_Classic-45'!C23&"-"&TEXT('16U_F_Classic-45'!B23,"h:mm am/pm") -> 16GX-017-Group-9:30 AM | AH7: ='16U_F_Classic-45'!L78&"-"&'16U_F_Classic-45'!C78&"-"&TEXT('16U_F_Classic-45'!B78,"h:mm am/pm") -> 16GX-018-Group-9:30 AM | AI7: ='16U_F_Classic-45'!L60&"-"&'16U_F_Classic-45'!C60&"-"&TEXT('16U_F_Classic-45'!B60,"h:mm am/pm") -> 16GX-019-Group-9:30 AM | AJ7: ='16U_F_Champ'!L78&"-"&'16U_F_Champ'!C78&"-"&TEXT('16U_F_Champ'!B78,"h:mm am/pm") -> 16G-016-Group-9:30 AM | AK7: ='18U_F_Classic-44'!L23&"-"&'18U_F_Classic-44'!C23&"-"&TEXT('18U_F_Classic-44'!B23,"h:mm am/pm") -> 18GX-005-Group-9:30 AM | AL7: 0.39583333 | AM7: ='16U_F_Champ'!L21&"-"&'16U_F_Champ'!C21&"-"&TEXT('16U_F_Champ'!B21,"h:mm am/pm") -> 16G-013-Group-9:30 AM | AN7: ='16U_F_Champ'!L40&"-"&'16U_F_Champ'!C40&"-"&TEXT('16U_F_Champ'!B40,"h:mm am/pm") -> 16G-014-Group-9:30 AM | AO7: ='16U_F_Champ'!L59&"-"&'16U_F_Champ'!C59&"-"&TEXT('16U_F_Champ'!B59,"h:mm am/pm") -> 16G-015-Group-9:30 AM | AP7: ='18U_F_Classic-44'!L84&"-"&'18U_F_Classic-44'!C84&"-"&TEXT('18U_F_Classic-44'!B84,"h:mm am/pm") -> 18GX-016-Group-9:30 AM | AQ7: ='18U_F_Classic-44'!L43&"-"&'18U_F_Classic-44'!C43&"-"&TEXT('18U_F_Classic-44'!B43,"h:mm am/pm") -> 18GX-014-Group-9:30 AM | AR7: ='18U_F_Classic-44'!L64&"-"&'18U_F_Classic-44'!C64&"-"&TEXT('18U_F_Classic-44'!B64,"h:mm am/pm") -> 18GX-007-Group-9:30 AM | AU7: 0.41666667 | AV7: ='18U_F_Champ'!L53&"-"&'18U_F_Champ'!C53&"-"&TEXT('18U_F_Champ'!B53,"h:mm am/pm") -> 18G-018-Group-10:00 AM | AX7: ='18U_F_Champ'!L85&"-"&'18U_F_Champ'!C85&"-"&TEXT('18U_F_Champ'!B85,"h:mm am/pm") -> 18G-020-Group-10:00 AM | AY7: ='18U_F_Champ'!L21&"-"&'18U_F_Champ'!C21&"-"&TEXT('18U_F_Champ'!B21,"h:mm am/pm") -> 18G-016-Group-10:00 AM | AZ7: ='18U_F_Champ'!L69&"-"&'18U_F_Champ'!C69&"-"&TEXT('18U_F_Champ'!B69,"h:mm am/pm") -> 18G-019-Group-10:00 AM | BB7: ='18U_F_Champ'!L37&"-"&'18U_F_Champ'!C37&"-"&TEXT('18U_F_Champ'!B37,"h:mm am/pm") -> 18G-017-Group-10:00 AM
A8: 0.43055556 | B8: ='10U_Coed_Classic 22 from 23'!L34&"-"&'10U_Coed_Classic 22 from 23'!C34&"-"&TEXT('10U_Coed_Classic 22 from 23'!B34,"h:mm am/pm") -> 10CX-006-Group-10:20 AM | C8: ='10U_Coed_Champ_36'!L40&"-"&'10U_Coed_Champ_36'!C40&"-"&TEXT('10U_Coed_Champ_36'!B20,"h:mm am/pm") -> 10C-014-Group H-10:20 AM | D8: ='10U_F_Champ-18 teams'!L14&"-"&'10U_F_Champ-18 teams'!C14&"-"&TEXT('10U_F_Champ-18 teams'!B14,"h:mm am/pm") -> 10G-005-RR-10:20 AM | E8: ='10U_Coed_Champ_36'!L20&"-"&'10U_Coed_Champ_36'!C20&"-"&TEXT('10U_Coed_Champ_36'!B20,"h:mm am/pm") -> 10C-013-Group A-10:20 AM | F8: ='10U_Coed_Champ_36'!L60&"-"&'10U_Coed_Champ_36'!C60&"-"&TEXT('10U_Coed_Champ_36'!B40,"h:mm am/pm") -> 10C-015-Group I-10:20 AM | G8: ='10U_F_Champ-18 teams'!L30&"-"&'10U_F_Champ-18 teams'!C30&"-"&TEXT('10U_F_Champ-18 teams'!B30,"h:mm am/pm") -> 10G-006-RR-10:20 AM | I8: ='10U_Coed_Classic 22 from 23'!L16&"-"&'10U_Coed_Classic 22 from 23'!C16&"-"&TEXT('10U_Coed_Classic 22 from 23'!B16,"h:mm am/pm") -> 10CX-009-Group-10:20 AM | J8: 0.43055556 | K8: ='12U_Coed_Champ-45'!L24&"-"&'12U_Coed_Champ-45'!C24&"-"&TEXT('12U_Coed_Champ-45'!B24,"h:mm am/pm") -> 12C-021-Group-10:20 AM | L8: ='12U_Coed_Champ-45'!L42&"-"&'12U_Coed_Champ-45'!C42&"-"&TEXT('12U_Coed_Champ-45'!B42,"h:mm am/pm") -> 12C-020-Group-10:20 AM | M8: ='12U_Coed_Champ-45'!L61&"-"&'12U_Coed_Champ-45'!C61&"-"&TEXT('12U_Coed_Champ-45'!B61,"h:mm am/pm") -> 12C-027-bracket-10:20 AM | N8: ='12U_Coed_Champ-45'!L79&"-"&'12U_Coed_Champ-45'!C79&"-"&TEXT('12U_Coed_Champ-45'!B79,"h:mm am/pm") -> 12C-006-bracket-10:20 AM | O8: 0.43055556 | P8: ='12U_F_Champ-52'!L33&"-"&'12U_F_Champ-52'!C33&"-"&TEXT('12U_F_Champ-52'!B33,"h:mm am/pm") -> 12G-024-Group-10:20 AM | Q8: ='12U_F_Champ-52'!L72&"-"&'12U_F_Champ-52'!C72&"-"&TEXT('12U_F_Champ-52'!B72,"h:mm am/pm") -> 12G-021-Group-9:30 AM | R8: ='12U_F_Champ-52'!L111&"-"&'12U_F_Champ-52'!C111&"-"&TEXT('12U_F_Champ-52'!B111,"h:mm am/pm") -> 12G-023-Group-10:20 AM | S8: ='12U_F_Champ-52'!L52&"-"&'12U_F_Champ-52'!C52&"-"&TEXT('12U_F_Champ-52'!B52,"h:mm am/pm") -> 12G-020-Group-10:20 AM | T8: ='12U_F_Champ-52'!L92&"-"&'12U_F_Champ-52'!C92&"-"&TEXT('12U_F_Champ-52'!B92,"h:mm am/pm") -> 12G-022-Group-10:20 AM | U8: 0.43055556 | V8: ='14U_F_Champ'!L22&"-"&'14U_F_Champ'!C22&"-"&TEXT('14U_F_Champ'!B22,"h:mm am/pm") -> 14G-017-Group-10:20 AM | W8: ='14U_F_Classic-39 from 40'!L44&"-"&'14U_F_Classic-39 from 40'!C44&"-"&TEXT('14U_F_Classic-39 from 40'!B44,"h:mm am/pm") -> 14GX-020-Group-10:20 AM | X8: ='14U_F_Classic-39 from 40'!L62&"-"&'14U_F_Classic-39 from 40'!C62&"-"&TEXT('14U_F_Classic-39 from 40'!B62,"h:mm am/pm") -> 14GX-018-Group-10:20 AM | Y8: ='14U_F_Classic-39 from 40'!L80&"-"&'14U_F_Classic-39 from 40'!C80&"-"&TEXT('14U_F_Classic-39 from 40'!B80,"h:mm am/pm") -> 14GX-017-Group-10:20 AM | Z8: 0.43055556 | AA8: ='14U_F_Classic-39 from 40'!L26&"-"&'14U_F_Classic-39 from 40'!C26&"-"&TEXT('14U_F_Classic-39 from 40'!B26,"h:mm am/pm") -> 14GX-019-Group-10:20 AM | AB8: ='14U_F_Champ'!L41&"-"&'14U_F_Champ'!C41&"-"&TEXT('14U_F_Champ'!B41,"h:mm am/pm") -> 14G-018-Group-10:20 AM | AC8: ='14U_F_Champ'!L60&"-"&'14U_F_Champ'!C60&"-"&TEXT('14U_F_Champ'!B60,"h:mm am/pm") -> 14G-019-Group-10:20 AM | AD8: ='14U_F_Champ'!L79&"-"&'14U_F_Champ'!C79&"-"&TEXT('14U_F_Champ'!B79,"h:mm am/pm") -> 14G-020-Group-10:20 AM | AF8: ='16U_F_Classic-45'!L42&"-"&'16U_F_Classic-45'!C42&"-"&TEXT('16U_F_Classic-45'!B42,"h:mm am/pm") -> 16GX-020-Group-10:20 AM | AG8: ='16U_F_Classic-45'!L24&"-"&'16U_F_Classic-45'!C24&"-"&TEXT('16U_F_Classic-45'!B24,"h:mm am/pm") -> 16GX-021-Group-10:20 AM | AH8: ='16U_F_Classic-45'!L79&"-"&'16U_F_Classic-45'!C79&"-"&TEXT('16U_F_Classic-45'!B79,"h:mm am/pm") -> 16GX-006-bracket-10:20 AM | AI8: ='16U_F_Classic-45'!L61&"-"&'16U_F_Classic-45'!C61&"-"&TEXT('16U_F_Classic-45'!B61,"h:mm am/pm") -> 16GX-027-bracket-10:20 AM | AJ8: ='16U_F_Champ'!L79&"-"&'16U_F_Champ'!C79&"-"&TEXT('16U_F_Champ'!B79,"h:mm am/pm") -> 16G-020-Group-10:20 AM | AL8: 0.43055556 | AM8: ='16U_F_Champ'!L22&"-"&'16U_F_Champ'!C22&"-"&TEXT('16U_F_Champ'!B22,"h:mm am/pm") -> 16G-017-Group-10:20 AM | AN8: ='16U_F_Champ'!L41&"-"&'16U_F_Champ'!C41&"-"&TEXT('16U_F_Champ'!B41,"h:mm am/pm") -> 16G-018-Group-10:20 AM | AO8: ='16U_F_Champ'!L60&"-"&'16U_F_Champ'!C60&"-"&TEXT('16U_F_Champ'!B60,"h:mm am/pm") -> 16G-019-Group-10:20 AM | AP8: ='18U_F_Classic-44'!L85&"-"&'18U_F_Classic-44'!C85&"-"&TEXT('18U_F_Classic-44'!B85,"h:mm am/pm") -> 18GX-020-Group-10:20 AM | AQ8: ='18U_F_Classic-44'!L44&"-"&'18U_F_Classic-44'!C44&"-"&TEXT('18U_F_Classic-44'!B44,"h:mm am/pm") -> 18GX-018-Group-10:20 AM | AU8: 0.45833333 | AV8: ='18U_F_Champ'!L54&"-"&'18U_F_Champ'!C54&"-"&TEXT('18U_F_Champ'!B54,"h:mm am/pm") -> 18G-023-Group-11:00 AM | AX8: ='18U_F_Champ'!L86&"-"&'18U_F_Champ'!C86&"-"&TEXT('18U_F_Champ'!B86,"h:mm am/pm") -> 18G-025-Group-11:00 AM | AY8: ='18U_F_Champ'!L22&"-"&'18U_F_Champ'!C22&"-"&TEXT('18U_F_Champ'!B22,"h:mm am/pm") -> 18G-021-Group-11:00 AM | AZ8: ='18U_F_Champ'!L70&"-"&'18U_F_Champ'!C70&"-"&TEXT('18U_F_Champ'!B70,"h:mm am/pm") -> 18G-024-Group-11:00 AM | BB8: ='18U_F_Champ'!L38&"-"&'18U_F_Champ'!C38&"-"&TEXT('18U_F_Champ'!B38,"h:mm am/pm") -> 18G-022-Group-11:00 AM
A9: 0.46527778 | B9: ='10U_Coed_Classic 22 from 23'!L35&"-"&'10U_Coed_Classic 22 from 23'!C35&"-"&TEXT('10U_Coed_Classic 22 from 23'!B35,"h:mm am/pm") -> 10CX-012-Group-11:10 AM | C9: ='10U_Coed_Champ_36'!L41&"-"&'10U_Coed_Champ_36'!C41&"-"&TEXT('10U_Coed_Champ_36'!B21,"h:mm am/pm") -> 10C-017-Group G-11:10 AM | D9: ='10U_F_Champ-18 teams'!L15&"-"&'10U_F_Champ-18 teams'!C15&"-"&TEXT('10U_F_Champ-18 teams'!B15,"h:mm am/pm") -> 10G-007-RR-11:10 AM | E9: ='10U_Coed_Champ_36'!L21&"-"&'10U_Coed_Champ_36'!C21&"-"&TEXT('10U_Coed_Champ_36'!B21,"h:mm am/pm") -> 10C-016-Group B-11:10 AM | F9: ='10U_Coed_Champ_36'!L61&"-"&'10U_Coed_Champ_36'!C61&"-"&TEXT('10U_Coed_Champ_36'!B41,"h:mm am/pm") -> 10C-018-Group J-11:10 AM | G9: ='10U_F_Champ-18 teams'!L31&"-"&'10U_F_Champ-18 teams'!C31&"-"&TEXT('10U_F_Champ-18 teams'!B31,"h:mm am/pm") -> 10G-008-RR-11:10 AM | I9: ='10U_Coed_Classic 22 from 23'!L17&"-"&'10U_Coed_Classic 22 from 23'!C17&"-"&TEXT('10U_Coed_Classic 22 from 23'!B17,"h:mm am/pm") -> 10CX-011-Group-11:10 AM | J9: 0.46527778 | K9: ='12U_Coed_Champ-45'!L25&"-"&'12U_Coed_Champ-45'!C25&"-"&TEXT('12U_Coed_Champ-45'!B25,"h:mm am/pm") -> 12C-025-Group-11:10 AM | L9: ='12U_Coed_Champ-45'!L43&"-"&'12U_Coed_Champ-45'!C43&"-"&TEXT('12U_Coed_Champ-45'!B43,"h:mm am/pm") -> 12C-024-Group-11:10 AM | M9: ='12U_Coed_Champ-45'!L62&"-"&'12U_Coed_Champ-45'!C62&"-"&TEXT('12U_Coed_Champ-45'!B62,"h:mm am/pm") -> 12C-023-Group-11:10 AM | N9: ='12U_Coed_Champ-45'!L80&"-"&'12U_Coed_Champ-45'!C80&"-"&TEXT('12U_Coed_Champ-45'!B80,"h:mm am/pm") -> 12C-022-Group-11:10 AM | O9: 0.46527778 | P9: ='12U_F_Champ-52'!L34&"-"&'12U_F_Champ-52'!C34&"-"&TEXT('12U_F_Champ-52'!B34,"h:mm am/pm") -> 12G-043-Group-11:10 AM | Q9: ='12U_F_Champ-52'!L73&"-"&'12U_F_Champ-52'!C73&"-"&TEXT('12U_F_Champ-52'!B73,"h:mm am/pm") -> 12G-026-Group-10:20 AM | R9: ='12U_F_Champ-52'!L112&"-"&'12U_F_Champ-52'!C112&"-"&TEXT('12U_F_Champ-52'!B112,"h:mm am/pm") -> 12G-028-Group-11:10 AM | S9: ='12U_F_Champ-52'!L53&"-"&'12U_F_Champ-52'!C53&"-"&TEXT('12U_F_Champ-52'!B53,"h:mm am/pm") -> 12G-025-Group-11:10 AM | T9: ='12U_F_Champ-52'!L93&"-"&'12U_F_Champ-52'!C93&"-"&TEXT('12U_F_Champ-52'!B93,"h:mm am/pm") -> 12G-027-Group-11:10 AM | U9: 0.46527778 | V9: ='14U_F_Champ'!L23&"-"&'14U_F_Champ'!C23&"-"&TEXT('14U_F_Champ'!B23,"h:mm am/pm") -> 14G-021-Group-11:10 AM | W9: ='14U_F_Classic-39 from 40'!L45&"-"&'14U_F_Classic-39 from 40'!C45&"-"&TEXT('14U_F_Classic-39 from 40'!B45,"h:mm am/pm") -> 14GX-024-Group-11:10 AM | X9: ='14U_F_Classic-39 from 40'!L63&"-"&'14U_F_Classic-39 from 40'!C63&"-"&TEXT('14U_F_Classic-39 from 40'!B63,"h:mm am/pm") -> 14GX-022-Group-11:10 AM | Y9: ='14U_F_Classic-39 from 40'!L81&"-"&'14U_F_Classic-39 from 40'!C81&"-"&TEXT('14U_F_Classic-39 from 40'!B81,"h:mm am/pm") -> 14GX-021-Group-11:10 AM | Z9: 0.46527778 | AA9: ='14U_F_Classic-39 from 40'!L27&"-"&'14U_F_Classic-39 from 40'!C27&"-"&TEXT('14U_F_Classic-39 from 40'!B27,"h:mm am/pm") -> 14GX-023-Group-11:10 AM | AB9: ='14U_F_Champ'!L42&"-"&'14U_F_Champ'!C42&"-"&TEXT('14U_F_Champ'!B42,"h:mm am/pm") -> 14G-022-Group-11:10 AM | AC9: ='14U_F_Champ'!L61&"-"&'14U_F_Champ'!C61&"-"&TEXT('14U_F_Champ'!B61,"h:mm am/pm") -> 14G-023-Group-11:10 AM | AD9: ='14U_F_Champ'!L80&"-"&'14U_F_Champ'!C80&"-"&TEXT('14U_F_Champ'!B80,"h:mm am/pm") -> 14G-024-Group-11:10 AM | AF9: ='16U_F_Classic-45'!L43&"-"&'16U_F_Classic-45'!C43&"-"&TEXT('16U_F_Classic-45'!B43,"h:mm am/pm") -> 16GX-024-Group-11:10 AM | AG9: ='16U_F_Classic-45'!L25&"-"&'16U_F_Classic-45'!C25&"-"&TEXT('16U_F_Classic-45'!B25,"h:mm am/pm") -> 16GX-025-Group-11:10 AM | AH9: ='16U_F_Classic-45'!L80&"-"&'16U_F_Classic-45'!C80&"-"&TEXT('16U_F_Classic-45'!B80,"h:mm am/pm") -> 16GX-022-Group-11:10 AM | AI9: ='16U_F_Classic-45'!L62&"-"&'16U_F_Classic-45'!C62&"-"&TEXT('16U_F_Classic-45'!B62,"h:mm am/pm") -> 16GX-023-Group-11:10 AM | AJ9: ='16U_F_Champ'!L80&"-"&'16U_F_Champ'!C80&"-"&TEXT('16U_F_Champ'!B80,"h:mm am/pm") -> 16G-024-Group-11:10 AM | AK9: ='18U_F_Classic-44'!L25&"-"&'18U_F_Classic-44'!C25&"-"&TEXT('18U_F_Classic-44'!B25,"h:mm am/pm") -> 18GX-017-Group-11:10 AM | AL9: 0.46527778 | AM9: ='16U_F_Champ'!L23&"-"&'16U_F_Champ'!C23&"-"&TEXT('16U_F_Champ'!B23,"h:mm am/pm") -> 16G-021-Group-11:10 AM | AN9: ='16U_F_Champ'!L42&"-"&'16U_F_Champ'!C42&"-"&TEXT('16U_F_Champ'!B42,"h:mm am/pm") -> 16G-022-Group-11:10 AM | AO9: ='16U_F_Champ'!L61&"-"&'16U_F_Champ'!C61&"-"&TEXT('16U_F_Champ'!B61,"h:mm am/pm") -> 16G-023-Group-11:10 AM | AP9: ='18U_F_Classic-44'!L86&"-"&'18U_F_Classic-44'!C86&"-"&TEXT('18U_F_Classic-44'!B86,"h:mm am/pm") -> 18GX-024-Group-11:10 AM | AQ9: ='18U_F_Classic-44'!L45&"-"&'18U_F_Classic-44'!C45&"-"&TEXT('18U_F_Classic-44'!B45,"h:mm am/pm") -> 18GX-022-Group-11:10 AM | AR9: ='18U_F_Classic-44'!L66&"-"&'18U_F_Classic-44'!C66&"-"&TEXT('18U_F_Classic-44'!B66,"h:mm am/pm") -> 18GX-019-Group-11:10 AM | AU9: 0.5 | AV9: ='18U_F_Champ'!L55&"-"&'18U_F_Champ'!C55&"-"&TEXT('18U_F_Champ'!B55,"h:mm am/pm") -> 18G-029-Group-12:00 PM | AX9: ='18U_F_Champ'!L87&"-"&'18U_F_Champ'!C87&"-"&TEXT('18U_F_Champ'!B87,"h:mm am/pm") -> 18G-030-Group-12:00 PM | AY9: ='18U_F_Champ'!L23&"-"&'18U_F_Champ'!C23&"-"&TEXT('18U_F_Champ'!B23,"h:mm am/pm") -> 18G-026-Group-12:00 PM | AZ9: ='18U_F_Champ'!L71&"-"&'18U_F_Champ'!C71&"-"&TEXT('18U_F_Champ'!B71,"h:mm am/pm") -> 18G-028-Group-12:00 PM | BB9: ='18U_F_Champ'!L39&"-"&'18U_F_Champ'!C39&"-"&TEXT('18U_F_Champ'!B39,"h:mm am/pm") -> 18G-027-Group-12:00 PM
A10: 0.5 | B10: ='10U_Coed_Classic 22 from 23'!L36&"-"&'10U_Coed_Classic 22 from 23'!C36&"-"&TEXT('10U_Coed_Classic 22 from 23'!B36,"h:mm am/pm") -> 10CX-010-Group-12:00 PM | C10: ='10U_Coed_Champ_36'!L42&"-"&'10U_Coed_Champ_36'!C42&"-"&TEXT('10U_Coed_Champ_36'!B22,"h:mm am/pm") -> 10C-020-Group F-12:00 PM | D10: ='10U_F_Champ-18 teams'!L16&"-"&'10U_F_Champ-18 teams'!C16&"-"&TEXT('10U_F_Champ-18 teams'!B16,"h:mm am/pm") -> 10G-009-RR-12:00 PM | E10: ='10U_Coed_Champ_36'!L22&"-"&'10U_Coed_Champ_36'!C22&"-"&TEXT('10U_Coed_Champ_36'!B22,"h:mm am/pm") -> 10C-019-Group C-12:00 PM | F10: ='10U_Coed_Champ_36'!L62&"-"&'10U_Coed_Champ_36'!C62&"-"&TEXT('10U_Coed_Champ_36'!B42,"h:mm am/pm") -> 10C-021-Group K-12:00 PM | G10: ='10U_F_Champ-18 teams'!L32&"-"&'10U_F_Champ-18 teams'!C32&"-"&TEXT('10U_F_Champ-18 teams'!B32,"h:mm am/pm") -> 10G-010-RR-12:00 PM | I10: ='10U_Coed_Classic 22 from 23'!L18&"-"&'10U_Coed_Classic 22 from 23'!C18&"-"&TEXT('10U_Coed_Classic 22 from 23'!B18,"h:mm am/pm") -> 10CX-013-Group-12:00 PM | J10: 0.5 | K10: ='12U_Coed_Champ-45'!L26&"-"&'12U_Coed_Champ-45'!C26&"-"&TEXT('12U_Coed_Champ-45'!B26,"h:mm am/pm") -> 12C-033-Group-12:00 PM | L10: ='12U_Coed_Champ-45'!L44&"-"&'12U_Coed_Champ-45'!C44&"-"&TEXT('12U_Coed_Champ-45'!B44,"h:mm am/pm") -> 12C-028-Group-12:00 PM | M10: ='12U_Coed_Champ-45'!L63&"-"&'12U_Coed_Champ-45'!C63&"-"&TEXT('12U_Coed_Champ-45'!B63,"h:mm am/pm") -> 12C-035-Group-12:00 PM | N10: ='12U_Coed_Champ-45'!L81&"-"&'12U_Coed_Champ-45'!C81&"-"&TEXT('12U_Coed_Champ-45'!B81,"h:mm am/pm") -> 12C-034-Group-12:00 PM | O10: 0.5 | P10: ='12U_F_Champ-52'!L35&"-"&'12U_F_Champ-52'!C35&"-"&TEXT('12U_F_Champ-52'!B35,"h:mm am/pm") -> 12G-029-Group-12:00 PM | Q10: ='12U_F_Champ-52'!L74&"-"&'12U_F_Champ-52'!C74&"-"&TEXT('12U_F_Champ-52'!B74,"h:mm am/pm") -> 12G-031-Group-11:10 AM | R10: ='12U_F_Champ-52'!L113&"-"&'12U_F_Champ-52'!C113&"-"&TEXT('12U_F_Champ-52'!B113,"h:mm am/pm") -> 12G-033-Group-12:00 PM | S10: ='12U_F_Champ-52'!L54&"-"&'12U_F_Champ-52'!C54&"-"&TEXT('12U_F_Champ-52'!B54,"h:mm am/pm") -> 12G-030-Group-12:00 PM | T10: ='12U_F_Champ-52'!L94&"-"&'12U_F_Champ-52'!C94&"-"&TEXT('12U_F_Champ-52'!B94,"h:mm am/pm") -> 12G-032-Group-12:00 PM | U10: 0.5 | V10: ='14U_F_Champ'!L24&"-"&'14U_F_Champ'!C24&"-"&TEXT('14U_F_Champ'!B24,"h:mm am/pm") -> 14G-025-Group-12:00 PM | Z10: 0.5 | AB10: ='14U_F_Champ'!L43&"-"&'14U_F_Champ'!C43&"-"&TEXT('14U_F_Champ'!B43,"h:mm am/pm") -> 14G-026-Group-12:00 PM | AC10: ='14U_F_Champ'!L62&"-"&'14U_F_Champ'!C62&"-"&TEXT('14U_F_Champ'!B62,"h:mm am/pm") -> 14G-027-Group-12:00 PM | AD10: ='14U_F_Champ'!L81&"-"&'14U_F_Champ'!C81&"-"&TEXT('14U_F_Champ'!B81,"h:mm am/pm") -> 14G-028-Group-12:00 PM | AF10: ='16U_F_Classic-45'!L44&"-"&'16U_F_Classic-45'!C44&"-"&TEXT('16U_F_Classic-45'!B44,"h:mm am/pm") -> 16GX-028-Group-12:00 PM | AG10: ='16U_F_Classic-45'!L26&"-"&'16U_F_Classic-45'!C26&"-"&TEXT('16U_F_Classic-45'!B26,"h:mm am/pm") -> 16GX-033-Group-12:00 PM | AH10: ='16U_F_Classic-45'!L81&"-"&'16U_F_Classic-45'!C81&"-"&TEXT('16U_F_Classic-45'!B81,"h:mm am/pm") -> 16GX-034-Group-12:00 PM | AI10: ='16U_F_Classic-45'!L63&"-"&'16U_F_Classic-45'!C63&"-"&TEXT('16U_F_Classic-45'!B63,"h:mm am/pm") -> 16GX-035-Group-12:00 PM | AJ10: ='16U_F_Champ'!L81&"-"&'16U_F_Champ'!C81&"-"&TEXT('16U_F_Champ'!B81,"h:mm am/pm") -> 16G-028-Group-12:00 PM | AK10: ='18U_F_Classic-44'!L26&"-"&'18U_F_Classic-44'!C26&"-"&TEXT('18U_F_Classic-44'!B26,"h:mm am/pm") -> 18GX-021-Group-12:00 PM | AL10: 0.5 | AM10: ='16U_F_Champ'!L24&"-"&'16U_F_Champ'!C24&"-"&TEXT('16U_F_Champ'!B24,"h:mm am/pm") -> 16G-025-Group-12:00 PM | AN10: ='16U_F_Champ'!L43&"-"&'16U_F_Champ'!C43&"-"&TEXT('16U_F_Champ'!B43,"h:mm am/pm") -> 16G-026-Group-12:00 PM | AO10: ='16U_F_Champ'!L62&"-"&'16U_F_Champ'!C62&"-"&TEXT('16U_F_Champ'!B62,"h:mm am/pm") -> 16G-027-Group-12:00 PM | AP10: ='18U_F_Classic-44'!L87&"-"&'18U_F_Classic-44'!C87&"-"&TEXT('18U_F_Classic-44'!B87,"h:mm am/pm") -> 18GX-028-Group-12:00 PM | AQ10: ='18U_F_Classic-44'!L46&"-"&'18U_F_Classic-44'!C46&"-"&TEXT('18U_F_Classic-44'!B46,"h:mm am/pm") -> 18GX-026-Group-12:00 PM | AR10: ='18U_F_Classic-44'!L67&"-"&'18U_F_Classic-44'!C67&"-"&TEXT('18U_F_Classic-44'!B67,"h:mm am/pm") -> 18GX-023-Group-12:00 PM | AU10: 0.54166667 | AV10: ='18U_F_Champ'!L56&"-"&'18U_F_Champ'!C56&"-"&TEXT('18U_F_Champ'!B56,"h:mm am/pm") -> 18G-033-Group-1:00 PM | AX10: ='18U_F_Champ'!L88&"-"&'18U_F_Champ'!C88&"-"&TEXT('18U_F_Champ'!B88,"h:mm am/pm") -> 18G-035-Group-1:00 PM | AY10: ='18U_F_Champ'!L24&"-"&'18U_F_Champ'!C24&"-"&TEXT('18U_F_Champ'!B24,"h:mm am/pm") -> 18G-031-Group-1:00 PM | AZ10: ='18U_F_Champ'!L72&"-"&'18U_F_Champ'!C72&"-"&TEXT('18U_F_Champ'!B72,"h:mm am/pm") -> 18G-034-Group-1:00 PM | BB10: ='18U_F_Champ'!L40&"-"&'18U_F_Champ'!C40&"-"&TEXT('18U_F_Champ'!B40,"h:mm am/pm") -> 18G-032-Group-1:00 PM
A11: 0.53472222 | B11: ='10U_Coed_Classic 22 from 23'!L37&"-"&'10U_Coed_Classic 22 from 23'!C37&"-"&TEXT('10U_Coed_Classic 22 from 23'!B37,"h:mm am/pm") -> 10CX-014-Group-12:50 PM | C11: ='10U_Coed_Champ_36'!L43&"-"&'10U_Coed_Champ_36'!C43&"-"&TEXT('10U_Coed_Champ_36'!B23,"h:mm am/pm") -> 10C-023-Group E-12:50 PM | D11: ='10U_F_Champ-18 teams'!L17&"-"&'10U_F_Champ-18 teams'!C17&"-"&TEXT('10U_F_Champ-18 teams'!B17,"h:mm am/pm") -> 10G-011-RR-12:50 PM | E11: ='10U_Coed_Champ_36'!L23&"-"&'10U_Coed_Champ_36'!C23&"-"&TEXT('10U_Coed_Champ_36'!B23,"h:mm am/pm") -> 10C-022-Group D-12:50 PM | F11: ='10U_Coed_Champ_36'!L63&"-"&'10U_Coed_Champ_36'!C63&"-"&TEXT('10U_Coed_Champ_36'!B43,"h:mm am/pm") -> 10C-024-Group L-12:50 PM | G11: ='10U_F_Champ-18 teams'!L33&"-"&'10U_F_Champ-18 teams'!C33&"-"&TEXT('10U_F_Champ-18 teams'!B33,"h:mm am/pm") -> 10G-012-RR-12:50 PM | I11: ='10U_Coed_Classic 22 from 23'!L19&"-"&'10U_Coed_Classic 22 from 23'!C19&"-"&TEXT('10U_Coed_Classic 22 from 23'!B19,"h:mm am/pm") -> 10CX-015-Group-12:50 PM | J11: 0.53472222 | K11: ='12U_Coed_Champ-45'!L27&"-"&'12U_Coed_Champ-45'!C27&"-"&TEXT('12U_Coed_Champ-45'!B27,"h:mm am/pm") -> 12C-029-Group-12:50 PM | L11: ='12U_Coed_Champ-45'!L45&"-"&'12U_Coed_Champ-45'!C45&"-"&TEXT('12U_Coed_Champ-45'!B45,"h:mm am/pm") -> 12C-032-Group-12:50 PM | M11: ='12U_Coed_Champ-45'!L64&"-"&'12U_Coed_Champ-45'!C64&"-"&TEXT('12U_Coed_Champ-45'!B64,"h:mm am/pm") -> 12C-039-Group-12:50 PM | N11: ='12U_Coed_Champ-45'!L82&"-"&'12U_Coed_Champ-45'!C82&"-"&TEXT('12U_Coed_Champ-45'!B82,"h:mm am/pm") -> 12C-038-Group-12:50 PM | O11: 0.53472222 | P11: ='12U_F_Champ-52'!L36&"-"&'12U_F_Champ-52'!C36&"-"&TEXT('12U_F_Champ-52'!B36,"h:mm am/pm") -> 12G-034-Group-12:50 PM | Q11: ='12U_F_Champ-52'!L75&"-"&'12U_F_Champ-52'!C75&"-"&TEXT('12U_F_Champ-52'!B75,"h:mm am/pm") -> 12G-035-Group-12:00 PM | R11: ='12U_F_Champ-52'!L114&"-"&'12U_F_Champ-52'!C114&"-"&TEXT('12U_F_Champ-52'!B114,"h:mm am/pm") -> 12G-037-Group-12:50 PM | S11: ='12U_F_Champ-52'!L55&"-"&'12U_F_Champ-52'!C55&"-"&TEXT('12U_F_Champ-52'!B55,"h:mm am/pm") -> 12G-038-Group-12:50 PM | T11: ='12U_F_Champ-52'!L95&"-"&'12U_F_Champ-52'!C95&"-"&TEXT('12U_F_Champ-52'!B95,"h:mm am/pm") -> 12G-036-Group-12:50 PM | U11: 0.53472222 | V11: ='14U_F_Champ'!L25&"-"&'14U_F_Champ'!C25&"-"&TEXT('14U_F_Champ'!B25,"h:mm am/pm") -> 14G-029-Group-12:50 PM | W11: ='14U_F_Classic-39 from 40'!L47&"-"&'14U_F_Classic-39 from 40'!C47&"-"&TEXT('14U_F_Classic-39 from 40'!B47,"h:mm am/pm") -> 14GX-032-Group-12:50 PM | X11: ='14U_F_Classic-39 from 40'!L65&"-"&'14U_F_Classic-39 from 40'!C65&"-"&TEXT('14U_F_Classic-39 from 40'!B65,"h:mm am/pm") -> 14GX-026-Group-12:50 PM | Y11: ='14U_F_Classic-39 from 40'!L83&"-"&'14U_F_Classic-39 from 40'!C83&"-"&TEXT('14U_F_Classic-39 from 40'!B83,"h:mm am/pm") -> 14GX-025-Group-12:50 PM | Z11: 0.53472222 | AA11: ='14U_F_Classic-39 from 40'!L29&"-"&'14U_F_Classic-39 from 40'!C29&"-"&TEXT('14U_F_Classic-39 from 40'!B29,"h:mm am/pm") -> 14GX-031-Group-12:50 PM | AB11: ='14U_F_Champ'!L44&"-"&'14U_F_Champ'!C44&"-"&TEXT('14U_F_Champ'!B44,"h:mm am/pm") -> 14G-030-Group-12:50 PM | AC11: ='14U_F_Champ'!L63&"-"&'14U_F_Champ'!C63&"-"&TEXT('14U_F_Champ'!B63,"h:mm am/pm") -> 14G-031-Group-12:50 PM | AD11: ='14U_F_Champ'!L82&"-"&'14U_F_Champ'!C82&"-"&TEXT('14U_F_Champ'!B82,"h:mm am/pm") -> 14G-032-Group-12:50 PM | AF11: ='16U_F_Classic-45'!L45&"-"&'16U_F_Classic-45'!C45&"-"&TEXT('16U_F_Classic-45'!B45,"h:mm am/pm") -> 16GX-032-Group-12:50 PM | AG11: ='16U_F_Classic-45'!L27&"-"&'16U_F_Classic-45'!C27&"-"&TEXT('16U_F_Classic-45'!B27,"h:mm am/pm") -> 16GX-029-Group-12:50 PM | AH11: ='16U_F_Classic-45'!L82&"-"&'16U_F_Classic-45'!C82&"-"&TEXT('16U_F_Classic-45'!B82,"h:mm am/pm") -> 16GX-038-Group-12:50 PM | AI11: ='16U_F_Classic-45'!L64&"-"&'16U_F_Classic-45'!C64&"-"&TEXT('16U_F_Classic-45'!B64,"h:mm am/pm") -> 16GX-039-Group-12:50 PM | AJ11: ='16U_F_Champ'!L82&"-"&'16U_F_Champ'!C82&"-"&TEXT('16U_F_Champ'!B82,"h:mm am/pm") -> 16G-032-Group-12:50 PM | AK11: ='18U_F_Classic-44'!L27&"-"&'18U_F_Classic-44'!C27&"-"&TEXT('18U_F_Classic-44'!B27,"h:mm am/pm") -> 18GX-025-Group-12:50 PM | AL11: 0.53472222 | AM11: ='16U_F_Champ'!L25&"-"&'16U_F_Champ'!C25&"-"&TEXT('16U_F_Champ'!B25,"h:mm am/pm") -> 16G-029-Group-12:50 PM | AN11: ='16U_F_Champ'!L44&"-"&'16U_F_Champ'!C44&"-"&TEXT('16U_F_Champ'!B44,"h:mm am/pm") -> 16G-030-Group-12:50 PM | AO11: ='16U_F_Champ'!L63&"-"&'16U_F_Champ'!C63&"-"&TEXT('16U_F_Champ'!B63,"h:mm am/pm") -> 16G-031-Group-12:50 PM | AP11: ='18U_F_Classic-44'!L88&"-"&'18U_F_Classic-44'!C88&"-"&TEXT('18U_F_Classic-44'!B88,"h:mm am/pm") -> 18GX-032-Group-12:50 PM | AQ11: ='18U_F_Classic-44'!L47&"-"&'18U_F_Classic-44'!C47&"-"&TEXT('18U_F_Classic-44'!B47,"h:mm am/pm") -> 18GX-030-Group-12:50 PM | AR11: ='18U_F_Classic-44'!L68&"-"&'18U_F_Classic-44'!C68&"-"&TEXT('18U_F_Classic-44'!B68,"h:mm am/pm") -> 18GX-027-Group-12:50 PM | AU11: 0.58333333 | AV11: ='18U_F_Champ'!L57&"-"&'18U_F_Champ'!C57&"-"&TEXT('18U_F_Champ'!B57,"h:mm am/pm") -> 18G-038-Group-2:00 PM | AX11: ='18U_F_Champ'!L89&"-"&'18U_F_Champ'!C89&"-"&TEXT('18U_F_Champ'!B89,"h:mm am/pm") -> 18G-040-Group-2:00 PM | AY11: ='18U_F_Champ'!L25&"-"&'18U_F_Champ'!C25&"-"&TEXT('18U_F_Champ'!B25,"h:mm am/pm") -> 18G-036-Group-2:00 PM | AZ11: ='18U_F_Champ'!L73&"-"&'18U_F_Champ'!C73&"-"&TEXT('18U_F_Champ'!B73,"h:mm am/pm") -> 18G-039-Group-2:00 PM | BB11: ='18U_F_Champ'!L41&"-"&'18U_F_Champ'!C41&"-"&TEXT('18U_F_Champ'!B41,"h:mm am/pm") -> 18G-037-Group-2:00 PM
A12: 0.56944444 | B12: ='10U_Coed_Classic 22 from 23'!L38&"-"&'10U_Coed_Classic 22 from 23'!C38&"-"&TEXT('10U_Coed_Classic 22 from 23'!B38,"h:mm am/pm") -> 10CX-016-Group-1:40 PM | C12: ='10U_Coed_Champ_36'!L44&"-"&'10U_Coed_Champ_36'!C44&"-"&TEXT('10U_Coed_Champ_36'!B24,"h:mm am/pm") -> 10C-026-Group H-1:40 PM | D12: ='10U_F_Champ-18 teams'!L18&"-"&'10U_F_Champ-18 teams'!C18&"-"&TEXT('10U_F_Champ-18 teams'!B18,"h:mm am/pm") -> 10G-013-RR-1:40 PM | E12: ='10U_Coed_Champ_36'!L24&"-"&'10U_Coed_Champ_36'!C24&"-"&TEXT('10U_Coed_Champ_36'!B24,"h:mm am/pm") -> 10C-025-Group A-1:40 PM | F12: ='10U_Coed_Champ_36'!L64&"-"&'10U_Coed_Champ_36'!C64&"-"&TEXT('10U_Coed_Champ_36'!B44,"h:mm am/pm") -> 10C-027-Group I-1:40 PM | G12: ='10U_F_Champ-18 teams'!L34&"-"&'10U_F_Champ-18 teams'!C34&"-"&TEXT('10U_F_Champ-18 teams'!B34,"h:mm am/pm") -> 10G-014-RR-1:40 PM | I12: ='10U_Coed_Classic 22 from 23'!L20&"-"&'10U_Coed_Classic 22 from 23'!C20&"-"&TEXT('10U_Coed_Classic 22 from 23'!B20,"h:mm am/pm") -> 10CX-017-Group-1:40 PM | J12: 0.56944444 | K12: ='12U_Coed_Champ-45'!L28&"-"&'12U_Coed_Champ-45'!C28&"-"&TEXT('12U_Coed_Champ-45'!B28,"h:mm am/pm") -> 12C-041-Group-1:40 PM | L12: ='12U_Coed_Champ-45'!L46&"-"&'12U_Coed_Champ-45'!C46&"-"&TEXT('12U_Coed_Champ-45'!B46,"h:mm am/pm") -> 12C-036-Group-1:40 PM | M12: ='12U_Coed_Champ-45'!L65&"-"&'12U_Coed_Champ-45'!C65&"-"&TEXT('12U_Coed_Champ-45'!B65,"h:mm am/pm") -> 12C-031-bracket-1:40 PM | N12: ='12U_Coed_Champ-45'!L83&"-"&'12U_Coed_Champ-45'!C83&"-"&TEXT('12U_Coed_Champ-45'!B83,"h:mm am/pm") -> 12C-026-bracket-1:40 PM | O12: 0.56944444 | P12: ='12U_F_Champ-52'!L37&"-"&'12U_F_Champ-52'!C37&"-"&TEXT('12U_F_Champ-52'!B37,"h:mm am/pm") -> 12G-53A-Group-1:40 PM | Q12: ='12U_F_Champ-52'!L76&"-"&'12U_F_Champ-52'!C76&"-"&TEXT('12U_F_Champ-52'!B76,"h:mm am/pm") -> 12G-040-Group-12:50 PM | R12: ='12U_F_Champ-52'!L115&"-"&'12U_F_Champ-52'!C115&"-"&TEXT('12U_F_Champ-52'!B115,"h:mm am/pm") -> 12G-042-Group-1:40 PM | S12: ='12U_F_Champ-52'!L56&"-"&'12U_F_Champ-52'!C56&"-"&TEXT('12U_F_Champ-52'!B56,"h:mm am/pm") -> 12G-039-Group-1:40 PM | T12: ='12U_F_Champ-52'!L96&"-"&'12U_F_Champ-52'!C96&"-"&TEXT('12U_F_Champ-52'!B96,"h:mm am/pm") -> 12G-041-Group-1:40 PM | U12: 0.56944444 | V12: ='14U_F_Champ'!L26&"-"&'14U_F_Champ'!C26&"-"&TEXT('14U_F_Champ'!B26,"h:mm am/pm") -> 14G-033-Group-1:40 PM | W12: ='14U_F_Classic-39 from 40'!L48&"-"&'14U_F_Classic-39 from 40'!C48&"-"&TEXT('14U_F_Classic-39 from 40'!B48,"h:mm am/pm") -> 14GX-036-Group-1:40 PM | X12: ='14U_F_Classic-39 from 40'!L66&"-"&'14U_F_Classic-39 from 40'!C66&"-"&TEXT('14U_F_Classic-39 from 40'!B66,"h:mm am/pm") -> 14GX-030-Group-1:40 PM | Y12: ='14U_F_Classic-39 from 40'!L84&"-"&'14U_F_Classic-39 from 40'!C84&"-"&TEXT('14U_F_Classic-39 from 40'!B84,"h:mm am/pm") -> 14GX-033-Group-1:40 PM | Z12: 0.56944444 | AA12: ='14U_F_Classic-39 from 40'!L30&"-"&'14U_F_Classic-39 from 40'!C30&"-"&TEXT('14U_F_Classic-39 from 40'!B30,"h:mm am/pm") -> 14GX-035-Group-1:40 PM | AB12: ='14U_F_Champ'!L45&"-"&'14U_F_Champ'!C45&"-"&TEXT('14U_F_Champ'!B45,"h:mm am/pm") -> 14G-034-Group-1:40 PM | AC12: ='14U_F_Champ'!L64&"-"&'14U_F_Champ'!C64&"-"&TEXT('14U_F_Champ'!B64,"h:mm am/pm") -> 14G-035-Group-1:40 PM | AD12: ='14U_F_Champ'!L83&"-"&'14U_F_Champ'!C83&"-"&TEXT('14U_F_Champ'!B83,"h:mm am/pm") -> 14G-036-Group-1:40 PM | AF12: ='16U_F_Classic-45'!L46&"-"&'16U_F_Classic-45'!C46&"-"&TEXT('16U_F_Classic-45'!B46,"h:mm am/pm") -> 16GX-036-Group-1:40 PM | AG12: ='16U_F_Classic-45'!L28&"-"&'16U_F_Classic-45'!C28&"-"&TEXT('16U_F_Classic-45'!B28,"h:mm am/pm") -> 16GX-041-Group-1:40 PM | AH12: ='16U_F_Classic-45'!L83&"-"&'16U_F_Classic-45'!C83&"-"&TEXT('16U_F_Classic-45'!B83,"h:mm am/pm") -> 16GX-026-bracket-1:40 PM | AI12: ='16U_F_Classic-45'!L65&"-"&'16U_F_Classic-45'!C65&"-"&TEXT('16U_F_Classic-45'!B65,"h:mm am/pm") -> 16GX-031-bracket-1:40 PM | AJ12: ='16U_F_Champ'!L83&"-"&'16U_F_Champ'!C83&"-"&TEXT('16U_F_Champ'!B83,"h:mm am/pm") -> 16G-036-Group-1:40 PM | AK12: ='18U_F_Classic-44'!L28&"-"&'18U_F_Classic-44'!C28&"-"&TEXT('18U_F_Classic-44'!B28,"h:mm am/pm") -> 18GX-029-Group-1:40 PM | AL12: 0.56944444 | AM12: ='16U_F_Champ'!L26&"-"&'16U_F_Champ'!C26&"-"&TEXT('16U_F_Champ'!B26,"h:mm am/pm") -> 16G-033-Group-1:40 PM | AN12: ='16U_F_Champ'!L45&"-"&'16U_F_Champ'!C45&"-"&TEXT('16U_F_Champ'!B45,"h:mm am/pm") -> 16G-034-Group-1:40 PM | AO12: ='16U_F_Champ'!L64&"-"&'16U_F_Champ'!C64&"-"&TEXT('16U_F_Champ'!B64,"h:mm am/pm") -> 16G-035-Group-1:40 PM | AP12: ='18U_F_Classic-44'!L89&"-"&'18U_F_Classic-44'!C89&"-"&TEXT('18U_F_Classic-44'!B89,"h:mm am/pm") -> 18GX-036-Group-1:40 PM | AQ12: ='18U_F_Classic-44'!L48&"-"&'18U_F_Classic-44'!C48&"-"&TEXT('18U_F_Classic-44'!B48,"h:mm am/pm") -> 18GX-034-Group-1:40 PM | AR12: ='18U_F_Classic-44'!L69&"-"&'18U_F_Classic-44'!C69&"-"&TEXT('18U_F_Classic-44'!B69,"h:mm am/pm") -> 18GX-031-Group-1:40 PM | AU12: 0.625 | AV12: ='18U_F_Champ'!L58&"-"&'18U_F_Champ'!C58&"-"&TEXT('18U_F_Champ'!B58,"h:mm am/pm") -> 18G-043-Group-3:00 PM | AY12: ='18U_F_Champ'!L26&"-"&'18U_F_Champ'!C26&"-"&TEXT('18U_F_Champ'!B26,"h:mm am/pm") -> 18G-041-Group-3:00 PM | AZ12: ='18U_F_Champ'!L74&"-"&'18U_F_Champ'!C74&"-"&TEXT('18U_F_Champ'!B74,"h:mm am/pm") -> 18G-044-Group-3:00 PM | BB12: ='18U_F_Champ'!L42&"-"&'18U_F_Champ'!C42&"-"&TEXT('18U_F_Champ'!B42,"h:mm am/pm") -> 18G-042-Group-3:00 PM
A13: 0.60416667 | B13: ='10U_Coed_Classic 22 from 23'!L39&"-"&'10U_Coed_Classic 22 from 23'!C39&"-"&TEXT('10U_Coed_Classic 22 from 23'!B39,"h:mm am/pm") -> 10CX-020-Group-2:30 PM | C13: ='10U_Coed_Champ_36'!L45&"-"&'10U_Coed_Champ_36'!C45&"-"&TEXT('10U_Coed_Champ_36'!B25,"h:mm am/pm") -> 10C-029-Group G-2:30 PM | D13: ='10U_F_Champ-18 teams'!L19&"-"&'10U_F_Champ-18 teams'!C19&"-"&TEXT('10U_F_Champ-18 teams'!B19,"h:mm am/pm") -> 10G-015-RR-2:30 PM | E13: ='10U_Coed_Champ_36'!L25&"-"&'10U_Coed_Champ_36'!C25&"-"&TEXT('10U_Coed_Champ_36'!B25,"h:mm am/pm") -> 10C-028-Group B-2:30 PM | F13: ='10U_Coed_Champ_36'!L65&"-"&'10U_Coed_Champ_36'!C65&"-"&TEXT('10U_Coed_Champ_36'!B45,"h:mm am/pm") -> 10C-030-Group J-2:30 PM | G13: ='10U_F_Champ-18 teams'!L35&"-"&'10U_F_Champ-18 teams'!C35&"-"&TEXT('10U_F_Champ-18 teams'!B35,"h:mm am/pm") -> 10G-016-RR-2:30 PM | I13: ='10U_Coed_Classic 22 from 23'!L21&"-"&'10U_Coed_Classic 22 from 23'!C21&"-"&TEXT('10U_Coed_Classic 22 from 23'!B21,"h:mm am/pm") -> 10CX-019-Group-2:30 PM | J13: 0.60416667 | K13: ='12U_Coed_Champ-45'!L29&"-"&'12U_Coed_Champ-45'!C29&"-"&TEXT('12U_Coed_Champ-45'!B29,"h:mm am/pm") -> 12C-045-Group-2:30 PM | L13: ='12U_Coed_Champ-45'!L47&"-"&'12U_Coed_Champ-45'!C47&"-"&TEXT('12U_Coed_Champ-45'!B47,"h:mm am/pm") -> 12C-040-Group-2:30 PM | M13: ='12U_Coed_Champ-45'!L66&"-"&'12U_Coed_Champ-45'!C66&"-"&TEXT('12U_Coed_Champ-45'!B66,"h:mm am/pm") -> 12C-043-Group-2:30 PM | N13: ='12U_Coed_Champ-45'!L84&"-"&'12U_Coed_Champ-45'!C84&"-"&TEXT('12U_Coed_Champ-45'!B84,"h:mm am/pm") -> 12C-042-Group-2:30 PM | O13: 0.60416667 | P13: ='12U_F_Champ-52'!L38&"-"&'12U_F_Champ-52'!C38&"-"&TEXT('12U_F_Champ-52'!B38,"h:mm am/pm") -> 12G-53B-Group-2:30 PM | Q13: ='12U_F_Champ-52'!L77&"-"&'12U_F_Champ-52'!C77&"-"&TEXT('12U_F_Champ-52'!B77,"h:mm am/pm") -> 12G-045-Group-1:40 PM | R13: ='12U_F_Champ-52'!L116&"-"&'12U_F_Champ-52'!C116&"-"&TEXT('12U_F_Champ-52'!B116,"h:mm am/pm") -> 12G-047-Group-2:30 PM | S13: ='12U_F_Champ-52'!L57&"-"&'12U_F_Champ-52'!C57&"-"&TEXT('12U_F_Champ-52'!B57,"h:mm am/pm") -> 12G-044-Group-2:30 PM | T13: ='12U_F_Champ-52'!L97&"-"&'12U_F_Champ-52'!C97&"-"&TEXT('12U_F_Champ-52'!B97,"h:mm am/pm") -> 12G-046-Group-2:30 PM | U13: 0.60416667 | V13: ='14U_F_Champ'!L27&"-"&'14U_F_Champ'!C27&"-"&TEXT('14U_F_Champ'!B27,"h:mm am/pm") -> 14G-037-Group-2:30 PM | W13: ='14U_F_Classic-39 from 40'!L49&"-"&'14U_F_Classic-39 from 40'!C49&"-"&TEXT('14U_F_Classic-39 from 40'!B49,"h:mm am/pm") -> 14GX-040-Group-2:30 PM | X13: ='14U_F_Classic-39 from 40'!L67&"-"&'14U_F_Classic-39 from 40'!C67&"-"&TEXT('14U_F_Classic-39 from 40'!B67,"h:mm am/pm") -> 14GX-034-Group-2:30 PM | Y13: ='14U_F_Classic-39 from 40'!L85&"-"&'14U_F_Classic-39 from 40'!C85&"-"&TEXT('14U_F_Classic-39 from 40'!B85,"h:mm am/pm") -> 14GX-037-Group-2:30 PM | Z13: 0.60416667 | AA13: ='14U_F_Classic-39 from 40'!L31&"-"&'14U_F_Classic-39 from 40'!C31&"-"&TEXT('14U_F_Classic-39 from 40'!B31,"h:mm am/pm") -> 14GX-039-Group-2:30 PM | AB13: ='14U_F_Champ'!L46&"-"&'14U_F_Champ'!C46&"-"&TEXT('14U_F_Champ'!B46,"h:mm am/pm") -> 14G-038-Group-2:30 PM | AC13: ='14U_F_Champ'!L65&"-"&'14U_F_Champ'!C65&"-"&TEXT('14U_F_Champ'!B65,"h:mm am/pm") -> 14G-039-Group-2:30 PM | AD13: ='14U_F_Champ'!L84&"-"&'14U_F_Champ'!C84&"-"&TEXT('14U_F_Champ'!B84,"h:mm am/pm") -> 14G-040-Group-2:30 PM | AF13: ='16U_F_Classic-45'!L47&"-"&'16U_F_Classic-45'!C47&"-"&TEXT('16U_F_Classic-45'!B47,"h:mm am/pm") -> 16GX-040-Group-2:30 PM | AG13: ='16U_F_Classic-45'!L29&"-"&'16U_F_Classic-45'!C29&"-"&TEXT('16U_F_Classic-45'!B29,"h:mm am/pm") -> 16GX-045-Group-2:30 PM | AH13: ='16U_F_Classic-45'!L84&"-"&'16U_F_Classic-45'!C84&"-"&TEXT('16U_F_Classic-45'!B84,"h:mm am/pm") -> 16GX-042-Group-2:30 PM | AI13: ='16U_F_Classic-45'!L66&"-"&'16U_F_Classic-45'!C66&"-"&TEXT('16U_F_Classic-45'!B66,"h:mm am/pm") -> 16GX-043-Group-2:30 PM | AJ13: ='16U_F_Champ'!L84&"-"&'16U_F_Champ'!C84&"-"&TEXT('16U_F_Champ'!B84,"h:mm am/pm") -> 16G-040-Group-2:30 PM | AL13: 0.60416667 | AM13: ='16U_F_Champ'!L27&"-"&'16U_F_Champ'!C27&"-"&TEXT('16U_F_Champ'!B27,"h:mm am/pm") -> 16G-037-Group-2:30 PM | AN13: ='16U_F_Champ'!L46&"-"&'16U_F_Champ'!C46&"-"&TEXT('16U_F_Champ'!B46,"h:mm am/pm") -> 16G-038-Group-2:30 PM | AO13: ='16U_F_Champ'!L65&"-"&'16U_F_Champ'!C65&"-"&TEXT('16U_F_Champ'!B65,"h:mm am/pm") -> 16G-039-Group-2:30 PM | AP13: ='18U_F_Classic-44'!L90&"-"&'18U_F_Classic-44'!C90&"-"&TEXT('18U_F_Classic-44'!B90,"h:mm am/pm") -> 18GX-040-Group-2:30 PM | AQ13: ='18U_F_Classic-44'!L49&"-"&'18U_F_Classic-44'!C49&"-"&TEXT('18U_F_Classic-44'!B49,"h:mm am/pm") -> 18GX-038-Group-2:30 PM | AU13: 0.66666667 | AV13: ='18U_F_Champ'!L59&"-"&'18U_F_Champ'!C59&"-"&TEXT('18U_F_Champ'!B59,"h:mm am/pm") -> 18G-047-Group-4:00 PM | AX13: ='18U_F_Champ'!L91&"-"&'18U_F_Champ'!C91&"-"&TEXT('18U_F_Champ'!B91,"h:mm am/pm") -> 18G-049-2-3 cross-4:00 PM | AY13: ='18U_F_Champ'!L27&"-"&'18U_F_Champ'!C27&"-"&TEXT('18U_F_Champ'!B27,"h:mm am/pm") -> 18G-045-Group-4:00 PM | AZ13: ='18U_F_Champ'!L75&"-"&'18U_F_Champ'!C75&"-"&TEXT('18U_F_Champ'!B75,"h:mm am/pm") -> 18G-048-Group-4:00 PM | BB13: ='18U_F_Champ'!L43&"-"&'18U_F_Champ'!C43&"-"&TEXT('18U_F_Champ'!B43,"h:mm am/pm") -> 18G-046-Group-4:00 PM
A14: 0.63888889 | B14: ='10U_Coed_Classic 22 from 23'!L40&"-"&'10U_Coed_Classic 22 from 23'!C40&"-"&TEXT('10U_Coed_Classic 22 from 23'!B40,"h:mm am/pm") -> 10CX-018-Group-3:20 PM | C14: ='10U_Coed_Champ_36'!L46&"-"&'10U_Coed_Champ_36'!C46&"-"&TEXT('10U_Coed_Champ_36'!B26,"h:mm am/pm") -> 10C-032-Group F-3:20 PM | D14: ='10U_F_Champ-18 teams'!L20&"-"&'10U_F_Champ-18 teams'!C20&"-"&TEXT('10U_F_Champ-18 teams'!B20,"h:mm am/pm") -> 10G-017-RR-3:20 PM | E14: ='10U_Coed_Champ_36'!L26&"-"&'10U_Coed_Champ_36'!C26&"-"&TEXT('10U_Coed_Champ_36'!B26,"h:mm am/pm") -> 10C-031-Group C-3:20 PM | F14: ='10U_Coed_Champ_36'!L66&"-"&'10U_Coed_Champ_36'!C66&"-"&TEXT('10U_Coed_Champ_36'!B46,"h:mm am/pm") -> 10C-033-Group K-3:20 PM | G14: ='10U_F_Champ-18 teams'!L36&"-"&'10U_F_Champ-18 teams'!C36&"-"&TEXT('10U_F_Champ-18 teams'!B36,"h:mm am/pm") -> 10G-018-RR-3:20 PM | I14: ='10U_Coed_Classic 22 from 23'!L22&"-"&'10U_Coed_Classic 22 from 23'!C22&"-"&TEXT('10U_Coed_Classic 22 from 23'!B22,"h:mm am/pm") -> 10CX-021-Group-3:20 PM | J14: 0.63888889 | K14: ='12U_Coed_Champ-45'!L30&"-"&'12U_Coed_Champ-45'!C30&"-"&TEXT('12U_Coed_Champ-45'!B30,"h:mm am/pm") -> 12C-037-Group-3:20 PM | L14: ='12U_Coed_Champ-45'!L48&"-"&'12U_Coed_Champ-45'!C48&"-"&TEXT('12U_Coed_Champ-45'!B48,"h:mm am/pm") -> 12C-044-Group-3:20 PM | M14: ='12U_Coed_Champ-45'!L67&"-"&'12U_Coed_Champ-45'!C67&"-"&TEXT('12U_Coed_Champ-45'!B67,"h:mm am/pm") -> 12C-047-Group-3:20 PM | N14: ='12U_Coed_Champ-45'!L85&"-"&'12U_Coed_Champ-45'!C85&"-"&TEXT('12U_Coed_Champ-45'!B85,"h:mm am/pm") -> 12C-046-Group-3:20 PM | O14: 0.63888889 | P14: ='12U_F_Champ-52'!L39&"-"&'12U_F_Champ-52'!C39&"-"&TEXT('12U_F_Champ-52'!B39,"h:mm am/pm") -> 12G-048-Group-3:20 PM | Q14: ='12U_F_Champ-52'!L78&"-"&'12U_F_Champ-52'!C78&"-"&TEXT('12U_F_Champ-52'!B78,"h:mm am/pm") -> 12G-050-Group-2:30 PM | R14: ='12U_F_Champ-52'!L117&"-"&'12U_F_Champ-52'!C117&"-"&TEXT('12U_F_Champ-52'!B117,"h:mm am/pm") -> 12G-052-Group-3:20 PM | S14: ='12U_F_Champ-52'!L58&"-"&'12U_F_Champ-52'!C58&"-"&TEXT('12U_F_Champ-52'!B58,"h:mm am/pm") -> 12G-049-Group-3:20 PM | T14: ='12U_F_Champ-52'!L98&"-"&'12U_F_Champ-52'!C98&"-"&TEXT('12U_F_Champ-52'!B98,"h:mm am/pm") -> 12G-051-Group-3:20 PM | U14: 0.63888889 | V14: ='14U_F_Champ'!L28&"-"&'14U_F_Champ'!C28&"-"&TEXT('14U_F_Champ'!B28,"h:mm am/pm") -> 14G-041-Group-3:20 PM | W14: ='14U_F_Classic-39 from 40'!L50&"-"&'14U_F_Classic-39 from 40'!C50&"-"&TEXT('14U_F_Classic-39 from 40'!B50,"h:mm am/pm") -> 14GX-044-Group-3:20 PM | X14: ='14U_F_Classic-39 from 40'!L68&"-"&'14U_F_Classic-39 from 40'!C68&"-"&TEXT('14U_F_Classic-39 from 40'!B68,"h:mm am/pm") -> 14GX-038-Group-3:20 PM | Z14: 0.63888889 | AA14: ='14U_F_Classic-39 from 40'!L32&"-"&'14U_F_Classic-39 from 40'!C32&"-"&TEXT('14U_F_Classic-39 from 40'!B32,"h:mm am/pm") -> 14GX-043-Group-3:20 PM | AB14: ='14U_F_Champ'!L47&"-"&'14U_F_Champ'!C47&"-"&TEXT('14U_F_Champ'!B47,"h:mm am/pm") -> 14G-042-Group-3:20 PM | AC14: ='14U_F_Champ'!L66&"-"&'14U_F_Champ'!C66&"-"&TEXT('14U_F_Champ'!B66,"h:mm am/pm") -> 14G-043-Group-3:20 PM | AD14: ='14U_F_Champ'!L85&"-"&'14U_F_Champ'!C85&"-"&TEXT('14U_F_Champ'!B85,"h:mm am/pm") -> 14G-044-Group-3:20 PM | AF14: ='16U_F_Classic-45'!L48&"-"&'16U_F_Classic-45'!C48&"-"&TEXT('16U_F_Classic-45'!B48,"h:mm am/pm") -> 16GX-044-Group-3:20 PM | AG14: ='16U_F_Classic-45'!L30&"-"&'16U_F_Classic-45'!C30&"-"&TEXT('16U_F_Classic-45'!B30,"h:mm am/pm") -> 16GX-037-Group-3:20 PM | AH14: ='16U_F_Classic-45'!L85&"-"&'16U_F_Classic-45'!C85&"-"&TEXT('16U_F_Classic-45'!B85,"h:mm am/pm") -> 16GX-046-Group-3:20 PM | AI14: ='16U_F_Classic-45'!L67&"-"&'16U_F_Classic-45'!C67&"-"&TEXT('16U_F_Classic-45'!B67,"h:mm am/pm") -> 16GX-047-Group-3:20 PM | AJ14: ='16U_F_Champ'!L85&"-"&'16U_F_Champ'!C85&"-"&TEXT('16U_F_Champ'!B85,"h:mm am/pm") -> 16G-044-Group-3:20 PM | AK14: ='18U_F_Classic-44'!L30&"-"&'18U_F_Classic-44'!C30&"-"&TEXT('18U_F_Classic-44'!B30,"h:mm am/pm") -> 18GX-033-Group-3:20 PM | AL14: 0.63888889 | AM14: ='16U_F_Champ'!L28&"-"&'16U_F_Champ'!C28&"-"&TEXT('16U_F_Champ'!B28,"h:mm am/pm") -> 16G-041-Group-3:20 PM | AN14: ='16U_F_Champ'!L47&"-"&'16U_F_Champ'!C47&"-"&TEXT('16U_F_Champ'!B47,"h:mm am/pm") -> 16G-042-Group-3:20 PM | AO14: ='16U_F_Champ'!L66&"-"&'16U_F_Champ'!C66&"-"&TEXT('16U_F_Champ'!B66,"h:mm am/pm") -> 16G-043-Group-3:20 PM | AP14: ='18U_F_Classic-44'!L91&"-"&'18U_F_Classic-44'!C91&"-"&TEXT('18U_F_Classic-44'!B91,"h:mm am/pm") -> 18GX-044-Group-3:20 PM | AQ14: ='18U_F_Classic-44'!L50&"-"&'18U_F_Classic-44'!C50&"-"&TEXT('18U_F_Classic-44'!B50,"h:mm am/pm") -> 18GX-042-Group-3:20 PM | AR14: ='18U_F_Classic-44'!L71&"-"&'18U_F_Classic-44'!C71&"-"&TEXT('18U_F_Classic-44'!B71,"h:mm am/pm") -> 18GX-035-Group-3:20 PM | AU14: 0.70833333 | AX14: ='18U_F_Champ'!L92&"-"&'18U_F_Champ'!C92&"-"&TEXT('18U_F_Champ'!B92,"h:mm am/pm") -> 18G-050-2-3 cross-5:00 PM
A15: 0.67361111 | C15: ='10U_Coed_Champ_36'!L47&"-"&'10U_Coed_Champ_36'!C47&"-"&TEXT('10U_Coed_Champ_36'!B27,"h:mm am/pm") -> 10C-035-Group E-4:10 PM | E15: ='10U_Coed_Champ_36'!L27&"-"&'10U_Coed_Champ_36'!C27&"-"&TEXT('10U_Coed_Champ_36'!B27,"h:mm am/pm") -> 10C-034-Group D-4:10 PM | F15: ='10U_Coed_Champ_36'!L67&"-"&'10U_Coed_Champ_36'!C67&"-"&TEXT('10U_Coed_Champ_36'!B47,"h:mm am/pm") -> 10C-036-Group L-4:10 PM | I15: ='10U_Coed_Classic 22 from 23'!L23&"-"&'10U_Coed_Classic 22 from 23'!C23&"-"&TEXT('10U_Coed_Classic 22 from 23'!B23,"h:mm am/pm") -> 10CX-023-Group-4:10 PM | J15: 0.67361111 | L15: ='12U_Coed_Champ-45'!L49&"-"&'12U_Coed_Champ-45'!C49&"-"&TEXT('12U_Coed_Champ-45'!B49,"h:mm am/pm") -> 12C-048-Group-4:10 PM | O15: 0.67361111 | P15: ='12U_F_Champ-52'!L40&"-"&'12U_F_Champ-52'!C40&"-"&TEXT('12U_F_Champ-52'!B40,"h:mm am/pm") -> 12G-053-Group-4:10 PM | Q15: ='12U_F_Champ-52'!L79&"-"&'12U_F_Champ-52'!C79&"-"&TEXT('12U_F_Champ-52'!B79,"h:mm am/pm") -> 12G-054-Group-3:20 PM | R15: ='12U_F_Champ-52'!L118&"-"&'12U_F_Champ-52'!C118&"-"&TEXT('12U_F_Champ-52'!B118,"h:mm am/pm") -> 12G-056-Group-4:10 PM | S15: ='12U_F_Champ-52'!L59&"-"&'12U_F_Champ-52'!C59&"-"&TEXT('12U_F_Champ-52'!B59,"h:mm am/pm") -> 12G-057-Group-4:10 PM | T15: ='12U_F_Champ-52'!L99&"-"&'12U_F_Champ-52'!C99&"-"&TEXT('12U_F_Champ-52'!B99,"h:mm am/pm") -> 12G-055-Group-4:10 PM | U15: 0.67361111 | V15: ='14U_F_Champ'!L29&"-"&'14U_F_Champ'!C29&"-"&TEXT('14U_F_Champ'!B29,"h:mm am/pm") -> 14G-045-Group-4:10 PM | Z15: 0.67361111 | AB15: ='14U_F_Champ'!L48&"-"&'14U_F_Champ'!C48&"-"&TEXT('14U_F_Champ'!B48,"h:mm am/pm") -> 14G-046-Group-4:10 PM | AC15: ='14U_F_Champ'!L67&"-"&'14U_F_Champ'!C67&"-"&TEXT('14U_F_Champ'!B67,"h:mm am/pm") -> 14G-047-Group-4:10 PM | AD15: ='14U_F_Champ'!L86&"-"&'14U_F_Champ'!C86&"-"&TEXT('14U_F_Champ'!B86,"h:mm am/pm") -> 14G-048-Group-4:10 PM | AF15: ='16U_F_Classic-45'!L49&"-"&'16U_F_Classic-45'!C49&"-"&TEXT('16U_F_Classic-45'!B49,"h:mm am/pm") -> 16GX-048-Group-4:10 PM | AJ15: ='16U_F_Champ'!L86&"-"&'16U_F_Champ'!C86&"-"&TEXT('16U_F_Champ'!B86,"h:mm am/pm") -> 16G-048-Group-4:10 PM | AK15: ='18U_F_Classic-44'!L31&"-"&'18U_F_Classic-44'!C31&"-"&TEXT('18U_F_Classic-44'!B31,"h:mm am/pm") -> 18GX-037-Group-4:10 PM | AL15: 0.67361111 | AM15: ='16U_F_Champ'!L29&"-"&'16U_F_Champ'!C29&"-"&TEXT('16U_F_Champ'!B29,"h:mm am/pm") -> 16G-045-Group-4:10 PM | AN15: ='16U_F_Champ'!L48&"-"&'16U_F_Champ'!C48&"-"&TEXT('16U_F_Champ'!B48,"h:mm am/pm") -> 16G-046-Group-4:10 PM | AO15: ='16U_F_Champ'!L67&"-"&'16U_F_Champ'!C67&"-"&TEXT('16U_F_Champ'!B67,"h:mm am/pm") -> 16G-047-Group-4:10 PM | AP15: ='18U_F_Classic-44'!L92&"-"&'18U_F_Classic-44'!C92&"-"&TEXT('18U_F_Classic-44'!B92,"h:mm am/pm") -> 18GX-048-Group-4:10 PM | AQ15: ='18U_F_Classic-44'!L51&"-"&'18U_F_Classic-44'!C51&"-"&TEXT('18U_F_Classic-44'!B51,"h:mm am/pm") -> 18GX-046-Group-4:10 PM | AR15: ='18U_F_Classic-44'!L72&"-"&'18U_F_Classic-44'!C72&"-"&TEXT('18U_F_Classic-44'!B72,"h:mm am/pm") -> 18GX-039-Group-4:10 PM | AU15: 0.75 | AV15: ='18U_F_Champ'!L61&"-"&'18U_F_Champ'!C61&"-"&TEXT('18U_F_Champ'!B61,"h:mm am/pm") -> 18G-053-2-3 cross-6:00 PM | AX15: ='18U_F_Champ'!L93&"-"&'18U_F_Champ'!C93&"-"&TEXT('18U_F_Champ'!B93,"h:mm am/pm") -> 18G-055-2-3 cross-6:00 PM | AY15: ='18U_F_Champ'!L29&"-"&'18U_F_Champ'!C29&"-"&TEXT('18U_F_Champ'!B29,"h:mm am/pm") -> 18G-051-2-3 cross-6:00 PM | AZ15: ='18U_F_Champ'!L77&"-"&'18U_F_Champ'!C77&"-"&TEXT('18U_F_Champ'!B77,"h:mm am/pm") -> 18G-054-2-3 cross-6:00 PM | BB15: ='18U_F_Champ'!L45&"-"&'18U_F_Champ'!C45&"-"&TEXT('18U_F_Champ'!B45,"h:mm am/pm") -> 18G-052-2-3 cross-6:00 PM
A16: 0.70833333 | D16: ='10U_F_Champ-18 teams'!L22&"-"&'10U_F_Champ-18 teams'!C22&"-"&TEXT('10U_F_Champ-18 teams'!B22,"h:mm am/pm") -> 10G-019-Cross-5:00 PM | G16: ='10U_F_Champ-18 teams'!L38&"-"&'10U_F_Champ-18 teams'!C38&"-"&TEXT('10U_F_Champ-18 teams'!B38,"h:mm am/pm") -> 10G-020-Cross-5:00 PM | I16: ='10U_Coed_Classic 22 from 23'!L24&"-"&'10U_Coed_Classic 22 from 23'!C24&"-"&TEXT('10U_Coed_Classic 22 from 23'!B24,"h:mm am/pm") -> 10CX-099-Cross-5:00 PM | J16: 0.70833333 | K16: ='12U_Coed_Champ-45'!L32&"-"&'12U_Coed_Champ-45'!C32&"-"&TEXT('12U_Coed_Champ-45'!B32,"h:mm am/pm") -> 12C-049-2-3 cross-5:00 PM | M16: ='12U_Coed_Champ-45'!L69&"-"&'12U_Coed_Champ-45'!C69&"-"&TEXT('12U_Coed_Champ-45'!B69,"h:mm am/pm") -> 12C-051-2-3 cross-5:00 PM | N16: ='12U_Coed_Champ-45'!L87&"-"&'12U_Coed_Champ-45'!C87&"-"&TEXT('12U_Coed_Champ-45'!B87,"h:mm am/pm") -> 12C-050-2-3 cross-5:00 PM | O16: 0.70833333 | U16: 0.70833333 | W16: ='14U_F_Classic-39 from 40'!L52&"-"&'14U_F_Classic-39 from 40'!C52&"-"&TEXT('14U_F_Classic-39 from 40'!B52,"h:mm am/pm") -> 14GX-052-2-3 cross-5:00 PM | X16: ='14U_F_Classic-39 from 40'!L70&"-"&'14U_F_Classic-39 from 40'!C70&"-"&TEXT('14U_F_Classic-39 from 40'!B70,"h:mm am/pm") -> 14GX-050-2-3 cross-5:00 PM | Y16: ='14U_F_Classic-39 from 40'!L88&"-"&'14U_F_Classic-39 from 40'!C88&"-"&TEXT('14U_F_Classic-39 from 40'!B88,"h:mm am/pm") -> 14GX-049-2-3 cross-5:00 PM | Z16: 0.70833333 | AA16: ='14U_F_Classic-39 from 40'!L34&"-"&'14U_F_Classic-39 from 40'!C34&"-"&TEXT('14U_F_Classic-39 from 40'!B34,"h:mm am/pm") -> 14GX-051-2-3 cross-5:00 PM | AG16: ='16U_F_Classic-45'!L32&"-"&'16U_F_Classic-45'!C32&"-"&TEXT('16U_F_Classic-45'!B32,"h:mm am/pm") -> 16GX-049-2-3 cross-5:00 PM | AH16: ='16U_F_Classic-45'!L87&"-"&'16U_F_Classic-45'!C87&"-"&TEXT('16U_F_Classic-45'!B87,"h:mm am/pm") -> 16GX-050-2-3 cross-5:00 PM | AI16: ='16U_F_Classic-45'!L69&"-"&'16U_F_Classic-45'!C69&"-"&TEXT('16U_F_Classic-45'!B69,"h:mm am/pm") -> 16GX-051-2-3 cross-5:00 PM | AL16: 0.70833333 | AU16: 0.79166667 | AV16: ='18U_F_Champ'!L62&"-"&'18U_F_Champ'!C62&"-"&TEXT('18U_F_Champ'!B62,"h:mm am/pm") -> 18G-058-2-3 cross-7:00 PM | AX16: ='18U_F_Champ'!L94&"-"&'18U_F_Champ'!C94&"-"&TEXT('18U_F_Champ'!B94,"h:mm am/pm") -> 18G-060-2-3 cross-7:00 PM | AY16: ='18U_F_Champ'!L30&"-"&'18U_F_Champ'!C30&"-"&TEXT('18U_F_Champ'!B30,"h:mm am/pm") -> 18G-056-2-3 cross-7:00 PM | AZ16: ='18U_F_Champ'!L78&"-"&'18U_F_Champ'!C78&"-"&TEXT('18U_F_Champ'!B78,"h:mm am/pm") -> 18G-059-2-3 cross-7:00 PM | BB16: ='18U_F_Champ'!L46&"-"&'18U_F_Champ'!C46&"-"&TEXT('18U_F_Champ'!B46,"h:mm am/pm") -> 18G-057-2-3 cross-7:00 PM
A17: 0.74305556 | B17: ='10U_Coed_Classic 22 from 23'!L43&"-"&'10U_Coed_Classic 22 from 23'!C43&"-"&TEXT('10U_Coed_Classic 22 from 23'!B43,"h:mm am/pm") -> 10CX-026-Cross-5:50 PM | C17: ='10U_Coed_Champ_36'!L49&"-"&'10U_Coed_Champ_36'!C49&"-"&TEXT('10U_Coed_Champ_36'!B29,"h:mm am/pm") -> 10C-038-2-3 cross-5:50 PM | D17: ='10U_F_Champ-18 teams'!L23&"-"&'10U_F_Champ-18 teams'!C23&"-"&TEXT('10U_F_Champ-18 teams'!B23,"h:mm am/pm") -> 10G-021-Cross-5:50 PM | E17: ='10U_Coed_Champ_36'!L29&"-"&'10U_Coed_Champ_36'!C29&"-"&TEXT('10U_Coed_Champ_36'!B29,"h:mm am/pm") -> 10C-037-2-3 cross-5:50 PM | F17: ='10U_Coed_Champ_36'!L69&"-"&'10U_Coed_Champ_36'!C69&"-"&TEXT('10U_Coed_Champ_36'!B49,"h:mm am/pm") -> 10C-039-2-3 cross-5:50 PM | G17: ='10U_F_Champ-18 teams'!L39&"-"&'10U_F_Champ-18 teams'!C39&"-"&TEXT('10U_F_Champ-18 teams'!B39,"h:mm am/pm") -> 10G-022-Cross-5:50 PM | I17: ='10U_Coed_Classic 22 from 23'!L25&"-"&'10U_Coed_Classic 22 from 23'!C25&"-"&TEXT('10U_Coed_Classic 22 from 23'!B25,"h:mm am/pm") -> 10CX-024-Cross-5:50 PM | J17: 0.74305556 | K17: ='12U_Coed_Champ-45'!L33&"-"&'12U_Coed_Champ-45'!C33&"-"&TEXT('12U_Coed_Champ-45'!B33,"h:mm am/pm") -> 12C-053-2-3 cross-5:50 PM | L17: ='12U_Coed_Champ-45'!L51&"-"&'12U_Coed_Champ-45'!C51&"-"&TEXT('12U_Coed_Champ-45'!B51,"h:mm am/pm") -> 12C-052-2-3 cross-5:50 PM | M17: ='12U_Coed_Champ-45'!L70&"-"&'12U_Coed_Champ-45'!C70&"-"&TEXT('12U_Coed_Champ-45'!B70,"h:mm am/pm") -> 12C-055-2-3 cross-5:50 PM | N17: ='12U_Coed_Champ-45'!L88&"-"&'12U_Coed_Champ-45'!C88&"-"&TEXT('12U_Coed_Champ-45'!B88,"h:mm am/pm") -> 12C-054-2-3 cross-5:50 PM | O17: 0.74305556 | U17: 0.74305556 | V17: ='14U_F_Champ'!L31&"-"&'14U_F_Champ'!C31&"-"&TEXT('14U_F_Champ'!B31,"h:mm am/pm") -> 14G-049-2-3 cross-5:50 PM | W17: ='14U_F_Classic-39 from 40'!L53&"-"&'14U_F_Classic-39 from 40'!C53&"-"&TEXT('14U_F_Classic-39 from 40'!B53,"h:mm am/pm") -> 14GX-056-2-3 cross-5:50 PM | X17: ='14U_F_Classic-39 from 40'!L71&"-"&'14U_F_Classic-39 from 40'!C71&"-"&TEXT('14U_F_Classic-39 from 40'!B71,"h:mm am/pm") -> 14GX-054-2-3 cross-5:50 PM | Y17: ='14U_F_Classic-39 from 40'!L89&"-"&'14U_F_Classic-39 from 40'!C89&"-"&TEXT('14U_F_Classic-39 from 40'!B89,"h:mm am/pm") -> 14GX-053-2-3 cross-5:50 PM | Z17: 0.74305556 | AA17: ='14U_F_Classic-39 from 40'!L35&"-"&'14U_F_Classic-39 from 40'!C35&"-"&TEXT('14U_F_Classic-39 from 40'!B35,"h:mm am/pm") -> 14GX-055-2-3 cross-5:50 PM | AB17: ='14U_F_Champ'!L50&"-"&'14U_F_Champ'!C50&"-"&TEXT('14U_F_Champ'!B50,"h:mm am/pm") -> 14G-050-2-3 cross-5:50 PM | AC17: ='14U_F_Champ'!L69&"-"&'14U_F_Champ'!C69&"-"&TEXT('14U_F_Champ'!B69,"h:mm am/pm") -> 14G-051-2-3 cross-5:50 PM | AD17: ='14U_F_Champ'!L88&"-"&'14U_F_Champ'!C88&"-"&TEXT('14U_F_Champ'!B88,"h:mm am/pm") -> 14G-052-2-3 cross-5:50 PM | AF17: ='16U_F_Classic-45'!L51&"-"&'16U_F_Classic-45'!C51&"-"&TEXT('16U_F_Classic-45'!B51,"h:mm am/pm") -> 16GX-052-2-3 cross-5:50 PM | AG17: ='16U_F_Classic-45'!L33&"-"&'16U_F_Classic-45'!C33&"-"&TEXT('16U_F_Classic-45'!B33,"h:mm am/pm") -> 16GX-053-2-3 cross-5:50 PM | AH17: ='16U_F_Classic-45'!L88&"-"&'16U_F_Classic-45'!C88&"-"&TEXT('16U_F_Classic-45'!B88,"h:mm am/pm") -> 16GX-054-2-3 cross-5:50 PM | AI17: ='16U_F_Classic-45'!L70&"-"&'16U_F_Classic-45'!C70&"-"&TEXT('16U_F_Classic-45'!B70,"h:mm am/pm") -> 16GX-055-2-3 cross-5:50 PM | AJ17: ='16U_F_Champ'!L88&"-"&'16U_F_Champ'!C88&"-"&TEXT('16U_F_Champ'!B88,"h:mm am/pm") -> 16G-052-2-3 cross-5:50 PM | AL17: 0.74305556 | AM17: ='16U_F_Champ'!L31&"-"&'16U_F_Champ'!C31&"-"&TEXT('16U_F_Champ'!B31,"h:mm am/pm") -> 16G-049-2-3 cross-5:50 PM | AN17: ='16U_F_Champ'!L50&"-"&'16U_F_Champ'!C50&"-"&TEXT('16U_F_Champ'!B50,"h:mm am/pm") -> 16G-050-2-3 cross-5:50 PM | AO17: ='16U_F_Champ'!L69&"-"&'16U_F_Champ'!C69&"-"&TEXT('16U_F_Champ'!B69,"h:mm am/pm") -> 16G-051-2-3 cross-5:50 PM | AU17: 0.83333333
A18: 0.77777778 | B18: ='10U_Coed_Classic 22 from 23'!L44&"-"&'10U_Coed_Classic 22 from 23'!C44&"-"&TEXT('10U_Coed_Classic 22 from 23'!B44,"h:mm am/pm") -> 10CX-028-Cross-6:40 PM | C18: ='10U_Coed_Champ_36'!L50&"-"&'10U_Coed_Champ_36'!C50&"-"&TEXT('10U_Coed_Champ_36'!B30,"h:mm am/pm") -> 10C-041-2-3 cross-6:40 PM | D18: ='10U_F_Champ-18 teams'!L24&"-"&'10U_F_Champ-18 teams'!C24&"-"&TEXT('10U_F_Champ-18 teams'!B24,"h:mm am/pm") -> 10G-023-Cross-6:40 PM | E18: ='10U_Coed_Champ_36'!L30&"-"&'10U_Coed_Champ_36'!C30&"-"&TEXT('10U_Coed_Champ_36'!B30,"h:mm am/pm") -> 10C-040-2-3 cross-6:40 PM | F18: ='10U_Coed_Champ_36'!L70&"-"&'10U_Coed_Champ_36'!C70&"-"&TEXT('10U_Coed_Champ_36'!B50,"h:mm am/pm") -> 10C-042-2-3 cross-6:40 PM | G18: ='10U_F_Champ-18 teams'!L40&"-"&'10U_F_Champ-18 teams'!C40&"-"&TEXT('10U_F_Champ-18 teams'!B40,"h:mm am/pm") -> 10G-024-Cross-6:40 PM | I18: ='10U_Coed_Classic 22 from 23'!L26&"-"&'10U_Coed_Classic 22 from 23'!C26&"-"&TEXT('10U_Coed_Classic 22 from 23'!B26,"h:mm am/pm") -> 10CX-025-Cross-6:40 PM | J18: 0.77777778 | K18: ='12U_Coed_Champ-45'!L34&"-"&'12U_Coed_Champ-45'!C34&"-"&TEXT('12U_Coed_Champ-45'!B34,"h:mm am/pm") -> 12C-057-2-3 cross-6:40 PM | L18: ='12U_Coed_Champ-45'!L52&"-"&'12U_Coed_Champ-45'!C52&"-"&TEXT('12U_Coed_Champ-45'!B52,"h:mm am/pm") -> 12C-056-2-3 cross-6:40 PM | M18: ='12U_Coed_Champ-45'!L71&"-"&'12U_Coed_Champ-45'!C71&"-"&TEXT('12U_Coed_Champ-45'!B71,"h:mm am/pm") -> 12C-059-2-3 cross-6:40 PM | N18: ='12U_Coed_Champ-45'!L89&"-"&'12U_Coed_Champ-45'!C89&"-"&TEXT('12U_Coed_Champ-45'!B89,"h:mm am/pm") -> 12C-058-2-3 cross-6:40 PM | O18: 0.77777778 | P18: ='12U_F_Champ-52'!L43&"-"&'12U_F_Champ-52'!C43&"-"&TEXT('12U_F_Champ-52'!B43,"h:mm am/pm") -> 12G-061-2's cross 21v28-6:40 PM | Q18: ='12U_F_Champ-52'!L82&"-"&'12U_F_Champ-52'!C82&"-"&TEXT('12U_F_Champ-52'!B82,"h:mm am/pm") -> 12G-059-2's cross 17v32-6:40 PM | R18: ='12U_F_Champ-52'!L121&"-"&'12U_F_Champ-52'!C121&"-"&TEXT('12U_F_Champ-52'!B121,"h:mm am/pm") -> 12G-064-2's cross 22v27-6:40 PM | S18: ='12U_F_Champ-52'!L62&"-"&'12U_F_Champ-52'!C62&"-"&TEXT('12U_F_Champ-52'!B62,"h:mm am/pm") -> 12G-058-2's cross 24v25-6:40 PM | T18: ='12U_F_Champ-52'!L102&"-"&'12U_F_Champ-52'!C102&"-"&TEXT('12U_F_Champ-52'!B102,"h:mm am/pm") -> 12G-060-2's cross 19v30-6:40 PM | U18: 0.77777778 | V18: ='14U_F_Champ'!L32&"-"&'14U_F_Champ'!C32&"-"&TEXT('14U_F_Champ'!B32,"h:mm am/pm") -> 14G-053-2-3 cross-6:40 PM | W18: ='14U_F_Classic-39 from 40'!L54&"-"&'14U_F_Classic-39 from 40'!C54&"-"&TEXT('14U_F_Classic-39 from 40'!B54,"h:mm am/pm") -> 14GX-060-2-3 cross-6:40 PM | X18: ='14U_F_Classic-39 from 40'!L72&"-"&'14U_F_Classic-39 from 40'!C72&"-"&TEXT('14U_F_Classic-39 from 40'!B72,"h:mm am/pm") -> 14GX-058-2-3 cross-6:40 PM | Y18: ='14U_F_Classic-39 from 40'!L90&"-"&'14U_F_Classic-39 from 40'!C90&"-"&TEXT('14U_F_Classic-39 from 40'!B90,"h:mm am/pm") -> 14GX-057-2-3 cross-6:40 PM | Z18: 0.77777778 | AA18: ='14U_F_Classic-39 from 40'!L36&"-"&'14U_F_Classic-39 from 40'!C36&"-"&TEXT('14U_F_Classic-39 from 40'!B36,"h:mm am/pm") -> 14GX-059-2-3 cross-6:40 PM | AB18: ='14U_F_Champ'!L51&"-"&'14U_F_Champ'!C51&"-"&TEXT('14U_F_Champ'!B51,"h:mm am/pm") -> 14G-054-2-3 cross-6:40 PM | AC18: ='14U_F_Champ'!L70&"-"&'14U_F_Champ'!C70&"-"&TEXT('14U_F_Champ'!B70,"h:mm am/pm") -> 14G-055-2-3 cross-6:40 PM | AD18: ='14U_F_Champ'!L89&"-"&'14U_F_Champ'!C89&"-"&TEXT('14U_F_Champ'!B89,"h:mm am/pm") -> 14G-056-2-3 cross-6:40 PM | AF18: ='16U_F_Classic-45'!L52&"-"&'16U_F_Classic-45'!C52&"-"&TEXT('16U_F_Classic-45'!B52,"h:mm am/pm") -> 16GX-056-2-3 cross-6:40 PM | AG18: ='16U_F_Classic-45'!L34&"-"&'16U_F_Classic-45'!C34&"-"&TEXT('16U_F_Classic-45'!B34,"h:mm am/pm") -> 16GX-057-2-3 cross-6:40 PM | AH18: ='16U_F_Classic-45'!L89&"-"&'16U_F_Classic-45'!C89&"-"&TEXT('16U_F_Classic-45'!B89,"h:mm am/pm") -> 16GX-058-2-3 cross-6:40 PM | AI18: ='16U_F_Classic-45'!L71&"-"&'16U_F_Classic-45'!C71&"-"&TEXT('16U_F_Classic-45'!B71,"h:mm am/pm") -> 16GX-059-2-3 cross-6:40 PM | AJ18: ='16U_F_Champ'!L89&"-"&'16U_F_Champ'!C89&"-"&TEXT('16U_F_Champ'!B89,"h:mm am/pm") -> 16G-056-2-3 cross-6:40 PM | AK18: ='18U_F_Classic-44'!L34&"-"&'18U_F_Classic-44'!C34&"-"&TEXT('18U_F_Classic-44'!B34,"h:mm am/pm") -> 18GX-049-2-3 cross-6:40 PM | AL18: 0.77777778 | AM18: ='16U_F_Champ'!L32&"-"&'16U_F_Champ'!C32&"-"&TEXT('16U_F_Champ'!B32,"h:mm am/pm") -> 16G-053-2-3 cross-6:40 PM | AN18: ='16U_F_Champ'!L51&"-"&'16U_F_Champ'!C51&"-"&TEXT('16U_F_Champ'!B51,"h:mm am/pm") -> 16G-054-2-3 cross-6:40 PM | AO18: ='16U_F_Champ'!L70&"-"&'16U_F_Champ'!C70&"-"&TEXT('16U_F_Champ'!B70,"h:mm am/pm") -> 16G-055-2-3 cross-6:40 PM | AP18: ='18U_F_Classic-44'!L95&"-"&'18U_F_Classic-44'!C95&"-"&TEXT('18U_F_Classic-44'!B95,"h:mm am/pm") -> 18GX-052-2-3 cross-6:40 PM | AQ18: ='18U_F_Classic-44'!L54&"-"&'18U_F_Classic-44'!C54&"-"&TEXT('18U_F_Classic-44'!B54,"h:mm am/pm") -> 18GX-050-2-3 cross-6:40 PM | AR18: ='18U_F_Classic-44'!L75&"-"&'18U_F_Classic-44'!C75&"-"&TEXT('18U_F_Classic-44'!B75,"h:mm am/pm") -> 18GX-051-2-3 cross-6:40 PM
A19: 0.8125 | C19: ='10U_Coed_Champ_36'!L51&"-"&'10U_Coed_Champ_36'!C51&"-"&TEXT('10U_Coed_Champ_36'!B31,"h:mm am/pm") -> 10C-044-2-3 cross-7:30 PM | E19: ='10U_Coed_Champ_36'!L31&"-"&'10U_Coed_Champ_36'!C31&"-"&TEXT('10U_Coed_Champ_36'!B31,"h:mm am/pm") -> 10C-043-2-3 cross-7:30 PM | F19: ='10U_Coed_Champ_36'!L71&"-"&'10U_Coed_Champ_36'!C71&"-"&TEXT('10U_Coed_Champ_36'!B51,"h:mm am/pm") -> 10C-045-2-3 cross-7:30 PM | I19: ='10U_Coed_Classic 22 from 23'!L27&"-"&'10U_Coed_Classic 22 from 23'!C27&"-"&TEXT('10U_Coed_Classic 22 from 23'!B27,"h:mm am/pm") -> 10CX-027-Cross-7:30 PM | J19: 0.8125 | O19: 0.8125 | Q19: ='12U_F_Champ-52'!L83&"-"&'12U_F_Champ-52'!C83&"-"&TEXT('12U_F_Champ-52'!B83,"h:mm am/pm") -> 12G-062-2's cross 18v31-7:30 PM | S19: ='12U_F_Champ-52'!L63&"-"&'12U_F_Champ-52'!C63&"-"&TEXT('12U_F_Champ-52'!B63,"h:mm am/pm") -> 12G-065-2's cross 23v26-7:30 PM | T19: ='12U_F_Champ-52'!L103&"-"&'12U_F_Champ-52'!C103&"-"&TEXT('12U_F_Champ-52'!B103,"h:mm am/pm") -> 12G-063-2's cross 20v29-7:30 PM | U19: 0.8125 | V19: ='14U_F_Champ'!L33&"-"&'14U_F_Champ'!C33&"-"&TEXT('14U_F_Champ'!B33,"h:mm am/pm") -> 14G-057-2-3 cross-7:30 PM | Z19: 0.8125 | AB19: ='14U_F_Champ'!L52&"-"&'14U_F_Champ'!C52&"-"&TEXT('14U_F_Champ'!B52,"h:mm am/pm") -> 14G-058-2-3 cross-7:30 PM | AC19: ='14U_F_Champ'!L71&"-"&'14U_F_Champ'!C71&"-"&TEXT('14U_F_Champ'!B71,"h:mm am/pm") -> 14G-059-2-3 cross-7:30 PM | AD19: ='14U_F_Champ'!L90&"-"&'14U_F_Champ'!C90&"-"&TEXT('14U_F_Champ'!B90,"h:mm am/pm") -> 14G-060-2-3 cross-7:30 PM | AF19: ='16U_F_Classic-45'!L53&"-"&'16U_F_Classic-45'!C53&"-"&TEXT('16U_F_Classic-45'!B53,"h:mm am/pm") -> 16GX-060-2-3 cross-7:30 PM | AJ19: ='16U_F_Champ'!L90&"-"&'16U_F_Champ'!C90&"-"&TEXT('16U_F_Champ'!B90,"h:mm am/pm") -> 16G-060-2-3 cross-7:30 PM | AK19: ='18U_F_Classic-44'!L35&"-"&'18U_F_Classic-44'!C35&"-"&TEXT('18U_F_Classic-44'!B35,"h:mm am/pm") -> 18GX-053-2-3 cross-7:30 PM | AL19: 0.8125 | AM19: ='16U_F_Champ'!L33&"-"&'16U_F_Champ'!C33&"-"&TEXT('16U_F_Champ'!B33,"h:mm am/pm") -> 16G-057-2-3 cross-7:30 PM | AN19: ='16U_F_Champ'!L52&"-"&'16U_F_Champ'!C52&"-"&TEXT('16U_F_Champ'!B52,"h:mm am/pm") -> 16G-058-2-3 cross-7:30 PM | AO19: ='16U_F_Champ'!L71&"-"&'16U_F_Champ'!C71&"-"&TEXT('16U_F_Champ'!B71,"h:mm am/pm") -> 16G-059-2-3 cross-7:30 PM | AP19: ='18U_F_Classic-44'!L96&"-"&'18U_F_Classic-44'!C96&"-"&TEXT('18U_F_Classic-44'!B96,"h:mm am/pm") -> 18GX-056-2-3 cross-7:30 PM | AQ19: ='18U_F_Classic-44'!L55&"-"&'18U_F_Classic-44'!C55&"-"&TEXT('18U_F_Classic-44'!B55,"h:mm am/pm") -> 18GX-054-2-3 cross-7:30 PM | AR19: ='18U_F_Classic-44'!L76&"-"&'18U_F_Classic-44'!C76&"-"&TEXT('18U_F_Classic-44'!B76,"h:mm am/pm") -> 18GX-055-2-3 cross-7:30 PM
A20: 0.84722222 | C20: ='10U_Coed_Champ_36'!L52&"-"&'10U_Coed_Champ_36'!C52&"-"&TEXT('10U_Coed_Champ_36'!B32,"h:mm am/pm") -> 10C-047-2-3 cross-8:20 PM | E20: ='10U_Coed_Champ_36'!L32&"-"&'10U_Coed_Champ_36'!C32&"-"&TEXT('10U_Coed_Champ_36'!B32,"h:mm am/pm") -> 10C-046-2-3 cross-8:20 PM | F20: ='10U_Coed_Champ_36'!L72&"-"&'10U_Coed_Champ_36'!C72&"-"&TEXT('10U_Coed_Champ_36'!B52,"h:mm am/pm") -> 10C-048-2-3 cross-8:20 PM | J20: 0.84722222 | O20: 0.84722222 | U20: 0.84722222 | Z20: 0.84722222 | AK20: ='18U_F_Classic-44'!L36&"-"&'18U_F_Classic-44'!C36&"-"&TEXT('18U_F_Classic-44'!B36,"h:mm am/pm") -> 18GX-057-2-3 cross-8:20 PM | AL20: 0.84722222 | AP20: ='18U_F_Classic-44'!L97&"-"&'18U_F_Classic-44'!C97&"-"&TEXT('18U_F_Classic-44'!B97,"h:mm am/pm") -> 18GX-060-2-3 cross-8:20 PM | AQ20: ='18U_F_Classic-44'!L56&"-"&'18U_F_Classic-44'!C56&"-"&TEXT('18U_F_Classic-44'!B56,"h:mm am/pm") -> 18GX-058-2-3 cross-8:20 PM | AR20: ='18U_F_Classic-44'!L77&"-"&'18U_F_Classic-44'!C77&"-"&TEXT('18U_F_Classic-44'!B77,"h:mm am/pm") -> 18GX-059-2-3 cross-8:20 PM
A26: SUNDAY JULY 19 | J26: SUNDAY JULY 19 | O26: SUNDAY JULY 19 | U26: SUNDAY JULY 19 | Z26: SUNDAY JULY 19 | AL26: SUNDAY JULY 19 | AU26: SUNDAY JULY 19
B27: EL TORO HS 1 | C27: EL TORO HS 2 | D27: EL TORO HS 3 | E27: BECKMAN HS 2 | F27: SADDLEBACK COLLEGE 2 | G27: CAPISTRANO VALLEY HS 2 | H27: TUSTIN HS 2 | I27: OCEAN VIEW HS 2 | K27: GOLDEN WEST COLLEGE 2 | L27: LA HABRA HS | M27: PORTOLA HS 2 | N27: TRABUCO HILLS HS | P27: WOOLLETT FAR RIGHT | Q27: ALISO NIGUEL HS | R27: SAN CLEMENTE HS | S27: MISSION VIEJO HS | T27: LAGUNA HILLS HS | V27: UC IRVINE 1 | W27: BECKMAN HS 1 | X27: VILLA PARK HS | Y27: ORANGE HS | AA27: GARDEN GROVE HS | AB27: UC IRVINE 2 | AC27: SADDLEBACK COLLEGE 1 | AD27: BUENA PARK HS | AE27: OCEAN VIEW HS 1 | AF27: MARINA HS | AG27: GOLDEN WEST COLLEGE 1 | AH27: CAPISTRANO VALLEY HS 1 | AI27: PORTOLA HS 1 | AJ27: LA SERNA HS | AK27: LONG BEACH CC 2 | AM27: WOOLLETT NEAR RIGHT | AN27: LONG BEACH CC 1 | AO27: YORBA LINDA HS | AP27: FULLERTON HS | AQ27: EDISON HS | AR27: SONORA HS | AS27: SERVITE HS | AV27: SAN JUAN HILLS HS | AW27: EL MODENA HS | AX27: WOOLLETT NEAR LEFT | AY27: CHAPMAN UNIVERSITY | AZ27: WESTMINSTER HS | BA27: TUSTIN HS 1 | BB27: FULLERTON COLLEGE | BE27: =COUNTA(B27:BC27) -> 46
A28: 0.29166667 | C28: ='10U_F_Champ-18 teams'!L56&"-"&'10U_F_Champ-18 teams'!N56&"-"&TEXT('10U_F_Champ-18 teams'!B56,"h:mm am/pm") -> 10G-065-pt_Group-7:00 AM | E28: ='10U_Coed_Champ_36'!L90&"-"&'10U_Coed_Champ_36'!O90&"-"&TEXT('10U_Coed_Champ_36'!B90,"h:mm am/pm") -> 10C-049-pt_Group-7:00 AM | F28: ='10U_Coed_Champ_36'!L134&"-"&'10U_Coed_Champ_36'!O134&"-"&TEXT('10U_Coed_Champ_36'!B134,"h:mm am/pm") -> 10C-053-au_Group-7:00 AM | G28: ='10U_Coed_Champ_36'!L109&"-"&'10U_Coed_Champ_36'!O109&"-"&TEXT('10U_Coed_Champ_36'!B109,"h:mm am/pm") -> 10C-050-pt_Group-7:00 AM | J28: 0.29166667 | K28: ='12U_Coed_Champ-45'!L134&"-"&'12U_Coed_Champ-45'!N134&"-"&TEXT('12U_Coed_Champ-45'!B134,"h:mm am/pm") -> 12C-063-pt_Group-7:00 AM | L28: ='12U_Coed_Champ-45'!L116&"-"&'12U_Coed_Champ-45'!N116&"-"&TEXT('12U_Coed_Champ-45'!B116,"h:mm am/pm") -> 12C-064-pt_Group-7:00 AM | M28: ='12U_Coed_Champ-45'!L153&"-"&'12U_Coed_Champ-45'!N153&"-"&TEXT('12U_Coed_Champ-45'!B153,"h:mm am/pm") -> 12C-062-pt_Group-7:00 AM | N28: ='12U_Coed_Champ-45'!L172&"-"&'12U_Coed_Champ-45'!N172&"-"&TEXT('12U_Coed_Champ-45'!B172,"h:mm am/pm") -> 12C-061-pt_Group-7:00 AM | O28: 0.29166667 | P28: ='12U_F_Champ-52'!L188&"-"&'12U_F_Champ-52'!N188&"-"&TEXT('12U_F_Champ-52'!B188,"h:mm am/pm") -> 12G-65C-au_Group-7:00 AM | Q28: ='14U_F_Classic-39 from 40'!L114&"-"&'14U_F_Classic-39 from 40'!N114&"-"&TEXT('14U_F_Classic-39 from 40'!B114,"h:mm am/pm") -> 14GX-061-ag_Group-7:00 AM | T28: ='12U_F_Champ-52'!L206&"-"&'12U_F_Champ-52'!N206&"-"&TEXT('12U_F_Champ-52'!B206,"h:mm am/pm") -> 12G-066-au_Group-7:00 AM | U28: 0.29166667 | V28: ='16U_F_Champ'!L118&"-"&'16U_F_Champ'!O118&"-"&TEXT('16U_F_Champ'!B118,"h:mm am/pm") -> 16G-061-pt_Group-7:00 AM | W28: ='14U_F_Classic-39 from 40'!L164&"-"&'14U_F_Classic-39 from 40'!N164&"-"&TEXT('14U_F_Classic-39 from 40'!B164,"h:mm am/pm") -> 14GX-064-ag_Group-7:00 AM | X28: ='14U_F_Classic-39 from 40'!L131&"-"&'14U_F_Classic-39 from 40'!N131&"-"&TEXT('14U_F_Classic-39 from 40'!B131,"h:mm am/pm") -> 14GX-062-ag_Group-7:00 AM | Y28: ='14U_F_Classic-39 from 40'!L148&"-"&'14U_F_Classic-39 from 40'!N148&"-"&TEXT('14U_F_Classic-39 from 40'!B148,"h:mm am/pm") -> 14GX-063-ag_Group-7:00 AM | Z28: 0.29166667 | AA28: ='14U_F_Champ'!L157&"-"&'14U_F_Champ'!N157&"-"&TEXT('14U_F_Champ'!B157,"h:mm am/pm") -> 14G-063-au_Group-7:00 AM | AB28: ='14U_F_Champ'!L138&"-"&'14U_F_Champ'!N138&"-"&TEXT('14U_F_Champ'!B138,"h:mm am/pm") -> 14G-062-pt_Group-7:00 AM | AC28: ='14U_F_Champ'!L119&"-"&'14U_F_Champ'!N119&"-"&TEXT('14U_F_Champ'!B119,"h:mm am/pm") -> 14G-061-pt_Group-7:00 AM | AD28: ='18U_F_Classic-44'!L126&"-"&'18U_F_Classic-44'!O126&"-"&TEXT('18U_F_Classic-44'!B126,"h:mm am/pm") -> 18GX-061-ag Group-7:00 AM | AE28: ='14U_F_Champ'!L176&"-"&'14U_F_Champ'!N176&"-"&TEXT('14U_F_Champ'!B176,"h:mm am/pm") -> 14G-064-au_Group-7:00 AM | AF28: ='16U_F_Classic-45'!L116&"-"&'16U_F_Classic-45'!N116&"-"&TEXT('16U_F_Classic-45'!B116,"h:mm am/pm") -> 16GX-064-ag_Group-7:00 AM | AG28: ='16U_F_Classic-45'!L169&"-"&'16U_F_Classic-45'!N169&"-"&TEXT('16U_F_Classic-45'!B169,"h:mm am/pm") -> 16GX-061-ag_Group-7:00 AM | AH28: ='16U_F_Classic-45'!L134&"-"&'16U_F_Classic-45'!N134&"-"&TEXT('16U_F_Classic-45'!B134,"h:mm am/pm") -> 16GX-063-ag_Group-7:00 AM | AI28: ='16U_F_Classic-45'!L150&"-"&'16U_F_Classic-45'!N150&"-"&TEXT('16U_F_Classic-45'!B150,"h:mm am/pm") -> 16GX-062-ag_Group-7:00 AM | AJ28: ='18U_F_Classic-44'!L183&"-"&'18U_F_Classic-44'!O183&"-"&TEXT('18U_F_Classic-44'!B183,"h:mm am/pm") -> 18GX-064-bz Group-7:00 AM | AL28: 0.29166667 | AM28: ='16U_F_Champ'!L137&"-"&'16U_F_Champ'!O137&"-"&TEXT('16U_F_Champ'!B137,"h:mm am/pm") -> 16G-062-pt_Group-7:00 AM | AO28: ='16U_F_Champ'!L156&"-"&'16U_F_Champ'!O156&"-"&TEXT('16U_F_Champ'!B156,"h:mm am/pm") -> 16G-063-au_Group-7:00 AM | AP28: ='16U_F_Champ'!L175&"-"&'16U_F_Champ'!O175&"-"&TEXT('16U_F_Champ'!B175,"h:mm am/pm") -> 16G-064-au_Group-7:00 AM | AQ28: ='18U_F_Classic-44'!L145&"-"&'18U_F_Classic-44'!O145&"-"&TEXT('18U_F_Classic-44'!B145,"h:mm am/pm") -> 18GX-062-ag Group-7:00 AM | AR28: ='18U_F_Classic-44'!L164&"-"&'18U_F_Classic-44'!O164&"-"&TEXT('18U_F_Classic-44'!B164,"h:mm am/pm") -> 18GX-063-bz Group-7:00 AM | AU28: 0.29166667 | AV28: ='18U_F_Champ'!L122&"-"&'18U_F_Champ'!N122&"-"&TEXT('18U_F_Champ'!B122,"h:mm am/pm") -> 18G-064-pt_Group-7:00 AM | AX28: ='18U_F_Champ'!L136&"-"&'18U_F_Champ'!N136&"-"&TEXT('18U_F_Champ'!B136,"h:mm am/pm") -> 18G-065-pt_Group-7:00 AM | AY28: ='18U_F_Champ'!L152&"-"&'18U_F_Champ'!N152&"-"&TEXT('18U_F_Champ'!B152,"h:mm am/pm") -> 18G-061-au_Group-7:00 AM | AZ28: ='18U_F_Champ'!L184&"-"&'18U_F_Champ'!N184&"-"&TEXT('18U_F_Champ'!B184,"h:mm am/pm") -> 18G-063-au_Group-7:00 AM | BB28: ='18U_F_Champ'!L168&"-"&'18U_F_Champ'!N168&"-"&TEXT('18U_F_Champ'!B168,"h:mm am/pm") -> 18G-062-au_Group-7:00 AM
A29: 0.32638889 | B29: ='10U_Coed_Classic 22 from 23'!L64&"-"&'10U_Coed_Classic 22 from 23'!O64&"-"&TEXT('10U_Coed_Classic 22 from 23'!B64,"h:mm am/pm") -> 10CX-029-ag_Group-7:50 AM | C29: ='10U_F_Champ-18 teams'!L57&"-"&'10U_F_Champ-18 teams'!N57&"-"&TEXT('10U_F_Champ-18 teams'!B57,"h:mm am/pm") -> 10G-069-pt_Group-7:50 AM | D29: ='10U_F_Champ-18 teams'!L72&"-"&'10U_F_Champ-18 teams'!N72&"-"&TEXT('10U_F_Champ-18 teams'!B72,"h:mm am/pm") -> 10G-066-pt_Group-7:50 AM | E29: ='10U_Coed_Champ_36'!L91&"-"&'10U_Coed_Champ_36'!O91&"-"&TEXT('10U_Coed_Champ_36'!B91,"h:mm am/pm") -> 10C-051-pt_Group-7:50 AM | F29: ='10U_Coed_Champ_36'!L135&"-"&'10U_Coed_Champ_36'!O135&"-"&TEXT('10U_Coed_Champ_36'!B135,"h:mm am/pm") -> 10C-056-au_Group-7:50 AM | G29: ='10U_Coed_Champ_36'!L110&"-"&'10U_Coed_Champ_36'!O110&"-"&TEXT('10U_Coed_Champ_36'!B110,"h:mm am/pm") -> 10C-052-pt_Group-7:50 AM | I29: ='10U_Coed_Classic 22 from 23'!L79&"-"&'10U_Coed_Classic 22 from 23'!O79&"-"&TEXT('10U_Coed_Classic 22 from 23'!B79,"h:mm am/pm") -> 10CX-030-bz_Group-7:50 AM | J29: 0.32638889 | K29: ='12U_Coed_Champ-45'!L135&"-"&'12U_Coed_Champ-45'!N135&"-"&TEXT('12U_Coed_Champ-45'!B135,"h:mm am/pm") -> 12C-071-pt_Group-7:50 AM | L29: ='12U_Coed_Champ-45'!L117&"-"&'12U_Coed_Champ-45'!N117&"-"&TEXT('12U_Coed_Champ-45'!B117,"h:mm am/pm") -> 12C-068-au_Group-7:50 AM | M29: ='12U_Coed_Champ-45'!L154&"-"&'12U_Coed_Champ-45'!N154&"-"&TEXT('12U_Coed_Champ-45'!B154,"h:mm am/pm") -> 12C-066-au_Group-7:50 AM | N29: ='12U_Coed_Champ-45'!L173&"-"&'12U_Coed_Champ-45'!N173&"-"&TEXT('12U_Coed_Champ-45'!B173,"h:mm am/pm") -> 12C-065-au_Group-7:50 AM | O29: 0.32638889 | P29: ='12U_F_Champ-52'!L189&"-"&'12U_F_Champ-52'!N189&"-"&TEXT('12U_F_Champ-52'!B189,"h:mm am/pm") -> 12G-069-au_Group-7:50 AM | Q29: ='14U_F_Classic-39 from 40'!L115&"-"&'14U_F_Classic-39 from 40'!N115&"-"&TEXT('14U_F_Classic-39 from 40'!B115,"h:mm am/pm") -> 14GX-065-bz_Group-7:50 AM | T29: ='12U_F_Champ-52'!L207&"-"&'12U_F_Champ-52'!N207&"-"&TEXT('12U_F_Champ-52'!B207,"h:mm am/pm") -> 12G-070-au_U Group of 4-7:50 AM | U29: 0.32638889 | V29: ='16U_F_Champ'!L119&"-"&'16U_F_Champ'!O119&"-"&TEXT('16U_F_Champ'!B119,"h:mm am/pm") -> 16G-065-pt_Group-7:50 AM | W29: ='14U_F_Classic-39 from 40'!L165&"-"&'14U_F_Classic-39 from 40'!N165&"-"&TEXT('14U_F_Classic-39 from 40'!B165,"h:mm am/pm") -> 14GX-068-bz_Group-7:50 AM | X29: ='14U_F_Classic-39 from 40'!L132&"-"&'14U_F_Classic-39 from 40'!N132&"-"&TEXT('14U_F_Classic-39 from 40'!B132,"h:mm am/pm") -> 14GX-066-bz_Group-7:50 AM | Y29: ='14U_F_Classic-39 from 40'!L149&"-"&'14U_F_Classic-39 from 40'!N149&"-"&TEXT('14U_F_Classic-39 from 40'!B149,"h:mm am/pm") -> 14GX-067-bz_Group-7:50 AM | Z29: 0.32638889 | AA29: ='14U_F_Champ'!L158&"-"&'14U_F_Champ'!N158&"-"&TEXT('14U_F_Champ'!B158,"h:mm am/pm") -> 14G-067-au_Group-7:50 AM | AB29: ='14U_F_Champ'!L139&"-"&'14U_F_Champ'!N139&"-"&TEXT('14U_F_Champ'!B139,"h:mm am/pm") -> 14G-066-pt_Group-7:50 AM | AC29: ='14U_F_Champ'!L120&"-"&'14U_F_Champ'!N120&"-"&TEXT('14U_F_Champ'!B120,"h:mm am/pm") -> 14G-065-pt_Group-7:50 AM | AD29: ='18U_F_Classic-44'!L127&"-"&'18U_F_Classic-44'!O127&"-"&TEXT('18U_F_Classic-44'!B127,"h:mm am/pm") -> 18GX-065-ag Group-7:50 AM | AE29: ='14U_F_Champ'!L177&"-"&'14U_F_Champ'!N177&"-"&TEXT('14U_F_Champ'!B177,"h:mm am/pm") -> 14G-068-au_Group-7:50 AM | AF29: ='16U_F_Classic-45'!L117&"-"&'16U_F_Classic-45'!N117&"-"&TEXT('16U_F_Classic-45'!B117,"h:mm am/pm") -> 16GX-068-bz_Group-7:50 AM | AG29: ='16U_F_Classic-45'!L170&"-"&'16U_F_Classic-45'!N170&"-"&TEXT('16U_F_Classic-45'!B170,"h:mm am/pm") -> 16GX-065-bz_Group-7:50 AM | AH29: ='16U_F_Classic-45'!L135&"-"&'16U_F_Classic-45'!N135&"-"&TEXT('16U_F_Classic-45'!B135,"h:mm am/pm") -> 16GX-071-ag_Group-7:50 AM | AI29: ='16U_F_Classic-45'!L151&"-"&'16U_F_Classic-45'!N151&"-"&TEXT('16U_F_Classic-45'!B151,"h:mm am/pm") -> 16GX-066-bz_Group-7:50 AM | AJ29: ='18U_F_Classic-44'!L184&"-"&'18U_F_Classic-44'!O184&"-"&TEXT('18U_F_Classic-44'!B184,"h:mm am/pm") -> 18GX-068-bz Group-7:50 AM | AL29: 0.32638889 | AM29: ='16U_F_Champ'!L138&"-"&'16U_F_Champ'!O138&"-"&TEXT('16U_F_Champ'!B138,"h:mm am/pm") -> 16G-066-pt_Group-7:50 AM | AO29: ='16U_F_Champ'!L157&"-"&'16U_F_Champ'!O157&"-"&TEXT('16U_F_Champ'!B157,"h:mm am/pm") -> 16G-067-au_Group-7:50 AM | AP29: ='16U_F_Champ'!L176&"-"&'16U_F_Champ'!O176&"-"&TEXT('16U_F_Champ'!B176,"h:mm am/pm") -> 16G-068-au_Group-7:50 AM | AQ29: ='18U_F_Classic-44'!L146&"-"&'18U_F_Classic-44'!O146&"-"&TEXT('18U_F_Classic-44'!B146,"h:mm am/pm") -> 18GX-066-ag Group-7:50 AM | AR29: ='18U_F_Classic-44'!L165&"-"&'18U_F_Classic-44'!O165&"-"&TEXT('18U_F_Classic-44'!B165,"h:mm am/pm") -> 18GX-067-bz Group-7:50 AM | AU29: 0.33333333 | AV29: ='18U_F_Champ'!L123&"-"&'18U_F_Champ'!N123&"-"&TEXT('18U_F_Champ'!B123,"h:mm am/pm") -> 18G-068-pt_Group-8:00 AM | AX29: ='18U_F_Champ'!L137&"-"&'18U_F_Champ'!N137&"-"&TEXT('18U_F_Champ'!B137,"h:mm am/pm") -> 18G-070-pt_Group-8:00 AM | AY29: ='18U_F_Champ'!L153&"-"&'18U_F_Champ'!N153&"-"&TEXT('18U_F_Champ'!B153,"h:mm am/pm") -> 18G-066-au_Group-8:00 AM | AZ29: ='18U_F_Champ'!L185&"-"&'18U_F_Champ'!N185&"-"&TEXT('18U_F_Champ'!B185,"h:mm am/pm") -> 18G-069-pt_Group-8:00 AM | BB29: ='18U_F_Champ'!L169&"-"&'18U_F_Champ'!N169&"-"&TEXT('18U_F_Champ'!B169,"h:mm am/pm") -> 18G-067-au_Group-8:00 AM
A30: 0.36111111 | B30: ='10U_Coed_Classic 22 from 23'!L65&"-"&'10U_Coed_Classic 22 from 23'!O65&"-"&TEXT('10U_Coed_Classic 22 from 23'!B65,"h:mm am/pm") -> 10CX-031-ag_Group-8:40 AM | C30: ='10U_F_Champ-18 teams'!L58&"-"&'10U_F_Champ-18 teams'!N58&"-"&TEXT('10U_F_Champ-18 teams'!B58,"h:mm am/pm") -> 10G-073-pt_Group-8:40 AM | D30: ='10U_F_Champ-18 teams'!L73&"-"&'10U_F_Champ-18 teams'!N73&"-"&TEXT('10U_F_Champ-18 teams'!B73,"h:mm am/pm") -> 10G-070-pt_Group-8:40 AM | E30: ='10U_Coed_Champ_36'!L92&"-"&'10U_Coed_Champ_36'!O92&"-"&TEXT('10U_Coed_Champ_36'!B92,"h:mm am/pm") -> 10C-054-pt_Group-8:40 AM | F30: ='10U_Coed_Champ_36'!L136&"-"&'10U_Coed_Champ_36'!O136&"-"&TEXT('10U_Coed_Champ_36'!B136,"h:mm am/pm") -> 10C-059-au_Group-8:40 AM | G30: ='10U_Coed_Champ_36'!L111&"-"&'10U_Coed_Champ_36'!O111&"-"&TEXT('10U_Coed_Champ_36'!B111,"h:mm am/pm") -> 10C-055-pt_Group-8:40 AM | I30: ='10U_Coed_Classic 22 from 23'!L80&"-"&'10U_Coed_Classic 22 from 23'!O80&"-"&TEXT('10U_Coed_Classic 22 from 23'!B80,"h:mm am/pm") -> 10CX-032-bz_Group-8:40 AM | J30: 0.36111111 | K30: ='12U_Coed_Champ-45'!L136&"-"&'12U_Coed_Champ-45'!N136&"-"&TEXT('12U_Coed_Champ-45'!B136,"h:mm am/pm") -> 12C-075-au_Group-8:40 AM | L30: ='12U_Coed_Champ-45'!L118&"-"&'12U_Coed_Champ-45'!N118&"-"&TEXT('12U_Coed_Champ-45'!B118,"h:mm am/pm") -> 12C-072-pt_Group-8:40 AM | M30: ='12U_Coed_Champ-45'!L155&"-"&'12U_Coed_Champ-45'!N155&"-"&TEXT('12U_Coed_Champ-45'!B155,"h:mm am/pm") -> 12C-070-pt_Group-8:40 AM | N30: ='12U_Coed_Champ-45'!L174&"-"&'12U_Coed_Champ-45'!N174&"-"&TEXT('12U_Coed_Champ-45'!B174,"h:mm am/pm") -> 12C-069-pt_Group-8:40 AM | O30: 0.36111111 | P30: ='12U_F_Champ-52'!L190&"-"&'12U_F_Champ-52'!N190&"-"&TEXT('12U_F_Champ-52'!B190,"h:mm am/pm") -> 12G-073-au_R Group of 4-8:40 AM | Q30: ='14U_F_Classic-39 from 40'!L116&"-"&'14U_F_Classic-39 from 40'!N116&"-"&TEXT('14U_F_Classic-39 from 40'!B116,"h:mm am/pm") -> 14GX-069-ag_Group-8:40 AM | R30: ='12U_F_Champ-52'!L158&"-"&'12U_F_Champ-52'!N158&"-"&TEXT('12U_F_Champ-52'!B158,"h:mm am/pm") -> 12G-65A-pt_Group-8:40 AM | S30: ='12U_F_Champ-52'!L173&"-"&'12U_F_Champ-52'!N173&"-"&TEXT('12U_F_Champ-52'!B173,"h:mm am/pm") -> 12G-65B-pt_Group-8:40 AM | T30: ='12U_F_Champ-52'!L208&"-"&'12U_F_Champ-52'!N208&"-"&TEXT('12U_F_Champ-52'!B208,"h:mm am/pm") -> 12G-106-au_U Group of 4-8:40 AM | U30: 0.36111111 | V30: ='16U_F_Champ'!L120&"-"&'16U_F_Champ'!O120&"-"&TEXT('16U_F_Champ'!B120,"h:mm am/pm") -> 16G-069-pt_Group-8:40 AM | W30: ='14U_F_Classic-39 from 40'!L166&"-"&'14U_F_Classic-39 from 40'!N166&"-"&TEXT('14U_F_Classic-39 from 40'!B166,"h:mm am/pm") -> 14GX-072-ag_Group-8:40 AM | X30: ='14U_F_Classic-39 from 40'!L133&"-"&'14U_F_Classic-39 from 40'!N133&"-"&TEXT('14U_F_Classic-39 from 40'!B133,"h:mm am/pm") -> 14GX-070-ag_Group-8:40 AM | Y30: ='14U_F_Classic-39 from 40'!L150&"-"&'14U_F_Classic-39 from 40'!N150&"-"&TEXT('14U_F_Classic-39 from 40'!B150,"h:mm am/pm") -> 14GX-071-ag_Group-8:40 AM | Z30: 0.36111111 | AA30: ='14U_F_Champ'!L159&"-"&'14U_F_Champ'!N159&"-"&TEXT('14U_F_Champ'!B159,"h:mm am/pm") -> 14G-071-au_Group-8:40 AM | AB30: ='14U_F_Champ'!L140&"-"&'14U_F_Champ'!N140&"-"&TEXT('14U_F_Champ'!B140,"h:mm am/pm") -> 14G-070-pt_Group-8:40 AM | AC30: ='14U_F_Champ'!L121&"-"&'14U_F_Champ'!N121&"-"&TEXT('14U_F_Champ'!B121,"h:mm am/pm") -> 14G-069-pt_Group-8:40 AM | AD30: ='18U_F_Classic-44'!L128&"-"&'18U_F_Classic-44'!O128&"-"&TEXT('18U_F_Classic-44'!B128,"h:mm am/pm") -> 18GX-069-ag Group-8:40 AM | AE30: ='14U_F_Champ'!L178&"-"&'14U_F_Champ'!N178&"-"&TEXT('14U_F_Champ'!B178,"h:mm am/pm") -> 14G-072-au_Group-8:40 AM | AF30: ='16U_F_Classic-45'!L118&"-"&'16U_F_Classic-45'!N118&"-"&TEXT('16U_F_Classic-45'!B118,"h:mm am/pm") -> 16GX-072-ag_Group-8:40 AM | AG30: ='16U_F_Classic-45'!L171&"-"&'16U_F_Classic-45'!N171&"-"&TEXT('16U_F_Classic-45'!B171,"h:mm am/pm") -> 16GX-069-ag_Group-8:40 AM | AH30: ='16U_F_Classic-45'!L136&"-"&'16U_F_Classic-45'!N136&"-"&TEXT('16U_F_Classic-45'!B136,"h:mm am/pm") -> 16GX-075-bz_Group-8:40 AM | AI30: ='16U_F_Classic-45'!L152&"-"&'16U_F_Classic-45'!N152&"-"&TEXT('16U_F_Classic-45'!B152,"h:mm am/pm") -> 16GX-070-ag_Group-8:40 AM | AJ30: ='18U_F_Classic-44'!L185&"-"&'18U_F_Classic-44'!O185&"-"&TEXT('18U_F_Classic-44'!B185,"h:mm am/pm") -> 18GX-072-bz Group-8:40 AM | AL30: 0.36111111 | AM30: ='16U_F_Champ'!L139&"-"&'16U_F_Champ'!O139&"-"&TEXT('16U_F_Champ'!B139,"h:mm am/pm") -> 16G-070-pt_Group-8:40 AM | AO30: ='16U_F_Champ'!L158&"-"&'16U_F_Champ'!O158&"-"&TEXT('16U_F_Champ'!B158,"h:mm am/pm") -> 16G-071-au_Group-8:40 AM | AP30: ='16U_F_Champ'!L177&"-"&'16U_F_Champ'!O177&"-"&TEXT('16U_F_Champ'!B177,"h:mm am/pm") -> 16G-072-au_Group-8:40 AM | AQ30: ='18U_F_Classic-44'!L147&"-"&'18U_F_Classic-44'!O147&"-"&TEXT('18U_F_Classic-44'!B147,"h:mm am/pm") -> 18GX-070-ag Group-8:40 AM | AR30: ='18U_F_Classic-44'!L166&"-"&'18U_F_Classic-44'!O166&"-"&TEXT('18U_F_Classic-44'!B166,"h:mm am/pm") -> 18GX-071-bz Group-8:40 AM | AU30: 0.375 | AV30: ='18U_F_Champ'!L124&"-"&'18U_F_Champ'!N124&"-"&TEXT('18U_F_Champ'!B124,"h:mm am/pm") -> 18G-074-pt_Group-9:00 AM | AX30: ='18U_F_Champ'!L138&"-"&'18U_F_Champ'!N138&"-"&TEXT('18U_F_Champ'!B138,"h:mm am/pm") -> 18G-075-pt_Group-9:00 AM | AY30: ='18U_F_Champ'!L154&"-"&'18U_F_Champ'!N154&"-"&TEXT('18U_F_Champ'!B154,"h:mm am/pm") -> 18G-071-au_Group-9:00 AM | AZ30: ='18U_F_Champ'!L186&"-"&'18U_F_Champ'!N186&"-"&TEXT('18U_F_Champ'!B186,"h:mm am/pm") -> 18G-073-pt_Group-9:00 AM | BB30: ='18U_F_Champ'!L170&"-"&'18U_F_Champ'!N170&"-"&TEXT('18U_F_Champ'!B170,"h:mm am/pm") -> 18G-072-au_Group-9:00 AM
A31: 0.39583333 | B31: ='10U_Coed_Classic 22 from 23'!L66&"-"&'10U_Coed_Classic 22 from 23'!O66&"-"&TEXT('10U_Coed_Classic 22 from 23'!B66,"h:mm am/pm") -> 10CX-033-ag_Group-9:30 AM | C31: ='10U_F_Champ-18 teams'!L59&"-"&'10U_F_Champ-18 teams'!N59&"-"&TEXT('10U_F_Champ-18 teams'!B59,"h:mm am/pm") -> 10G-077-pt_Group-9:30 AM | D31: ='10U_F_Champ-18 teams'!L74&"-"&'10U_F_Champ-18 teams'!N74&"-"&TEXT('10U_F_Champ-18 teams'!B74,"h:mm am/pm") -> 10G-074-pt_Group-9:30 AM | E31: ='10U_Coed_Champ_36'!L93&"-"&'10U_Coed_Champ_36'!O93&"-"&TEXT('10U_Coed_Champ_36'!B93,"h:mm am/pm") -> 10C-057-pt_Group-9:30 AM | F31: ='10U_Coed_Champ_36'!L137&"-"&'10U_Coed_Champ_36'!O137&"-"&TEXT('10U_Coed_Champ_36'!B137,"h:mm am/pm") -> 10C-062-au_Group-9:30 AM | G31: ='10U_Coed_Champ_36'!L112&"-"&'10U_Coed_Champ_36'!O112&"-"&TEXT('10U_Coed_Champ_36'!B112,"h:mm am/pm") -> 10C-058-pt_Group-9:30 AM | I31: ='10U_Coed_Classic 22 from 23'!L81&"-"&'10U_Coed_Classic 22 from 23'!O81&"-"&TEXT('10U_Coed_Classic 22 from 23'!B81,"h:mm am/pm") -> 10CX-034-bz_Group-9:30 AM | J31: 0.39583333 | K31: ='12U_Coed_Champ-45'!L137&"-"&'12U_Coed_Champ-45'!N137&"-"&TEXT('12U_Coed_Champ-45'!B137,"h:mm am/pm") -> 12C-079-pt_Group-9:30 AM | L31: ='12U_Coed_Champ-45'!L119&"-"&'12U_Coed_Champ-45'!N119&"-"&TEXT('12U_Coed_Champ-45'!B119,"h:mm am/pm") -> 12C-076-au_Group-9:30 AM | M31: ='12U_Coed_Champ-45'!L156&"-"&'12U_Coed_Champ-45'!N156&"-"&TEXT('12U_Coed_Champ-45'!B156,"h:mm am/pm") -> 12C-074-au_Group-9:30 AM | N31: ='12U_Coed_Champ-45'!L175&"-"&'12U_Coed_Champ-45'!N175&"-"&TEXT('12U_Coed_Champ-45'!B175,"h:mm am/pm") -> 12C-073-au_Group-9:30 AM | O31: 0.39583333 | P31: ='12U_F_Champ-52'!L191&"-"&'12U_F_Champ-52'!N191&"-"&TEXT('12U_F_Champ-52'!B191,"h:mm am/pm") -> 12G-73A-au_R Group of 4-9:30 AM | Q31: ='14U_F_Classic-39 from 40'!L117&"-"&'14U_F_Classic-39 from 40'!N117&"-"&TEXT('14U_F_Classic-39 from 40'!B117,"h:mm am/pm") -> 14GX-073-bz_Group-9:30 AM | R31: ='12U_F_Champ-52'!L159&"-"&'12U_F_Champ-52'!N159&"-"&TEXT('12U_F_Champ-52'!B159,"h:mm am/pm") -> 12G-067-pt_Group-9:30 AM | S31: ='12U_F_Champ-52'!L174&"-"&'12U_F_Champ-52'!N174&"-"&TEXT('12U_F_Champ-52'!B174,"h:mm am/pm") -> 12G-068-pt_Group-9:30 AM | T31: ='12U_F_Champ-52'!L209&"-"&'12U_F_Champ-52'!N209&"-"&TEXT('12U_F_Champ-52'!B209,"h:mm am/pm") -> 12G-074-au_Group-9:30 AM | U31: 0.39583333 | V31: ='16U_F_Champ'!L121&"-"&'16U_F_Champ'!O121&"-"&TEXT('16U_F_Champ'!B121,"h:mm am/pm") -> 16G-073-pt_Group-9:30 AM | W31: ='14U_F_Classic-39 from 40'!L167&"-"&'14U_F_Classic-39 from 40'!N167&"-"&TEXT('14U_F_Classic-39 from 40'!B167,"h:mm am/pm") -> 14GX-076-bz_Group-9:30 AM | X31: ='14U_F_Classic-39 from 40'!L134&"-"&'14U_F_Classic-39 from 40'!N134&"-"&TEXT('14U_F_Classic-39 from 40'!B134,"h:mm am/pm") -> 14GX-074-bz_Group-9:30 AM | Y31: ='14U_F_Classic-39 from 40'!L151&"-"&'14U_F_Classic-39 from 40'!N151&"-"&TEXT('14U_F_Classic-39 from 40'!B151,"h:mm am/pm") -> 14GX-079-ag_Group-9:30 AM | Z31: 0.39583333 | AA31: ='14U_F_Champ'!L160&"-"&'14U_F_Champ'!N160&"-"&TEXT('14U_F_Champ'!B160,"h:mm am/pm") -> 14G-075-au_Group-9:30 AM | AB31: ='14U_F_Champ'!L141&"-"&'14U_F_Champ'!N141&"-"&TEXT('14U_F_Champ'!B141,"h:mm am/pm") -> 14G-074-pt_Group-9:30 AM | AC31: ='14U_F_Champ'!L122&"-"&'14U_F_Champ'!N122&"-"&TEXT('14U_F_Champ'!B122,"h:mm am/pm") -> 14G-073-pt_Group-9:30 AM | AD31: ='18U_F_Classic-44'!L129&"-"&'18U_F_Classic-44'!O129&"-"&TEXT('18U_F_Classic-44'!B129,"h:mm am/pm") -> 18GX-073-ag Group-9:30 AM | AE31: ='14U_F_Champ'!L179&"-"&'14U_F_Champ'!N179&"-"&TEXT('14U_F_Champ'!B179,"h:mm am/pm") -> 14G-076-au_Group-9:30 AM | AF31: ='16U_F_Classic-45'!L119&"-"&'16U_F_Classic-45'!N119&"-"&TEXT('16U_F_Classic-45'!B119,"h:mm am/pm") -> 16GX-076-bz_Group-9:30 AM | AG31: ='16U_F_Classic-45'!L172&"-"&'16U_F_Classic-45'!N172&"-"&TEXT('16U_F_Classic-45'!B172,"h:mm am/pm") -> 16GX-073-bz_Group-9:30 AM | AH31: ='16U_F_Classic-45'!L137&"-"&'16U_F_Classic-45'!N137&"-"&TEXT('16U_F_Classic-45'!B137,"h:mm am/pm") -> 16GX-079-ag_Group-9:30 AM | AI31: ='16U_F_Classic-45'!L153&"-"&'16U_F_Classic-45'!N153&"-"&TEXT('16U_F_Classic-45'!B153,"h:mm am/pm") -> 16GX-074-bz_Group-9:30 AM | AJ31: ='18U_F_Classic-44'!L186&"-"&'18U_F_Classic-44'!O186&"-"&TEXT('18U_F_Classic-44'!B186,"h:mm am/pm") -> 18GX-076-bz Group-9:30 AM | AL31: 0.39583333 | AM31: ='16U_F_Champ'!L140&"-"&'16U_F_Champ'!O140&"-"&TEXT('16U_F_Champ'!B140,"h:mm am/pm") -> 16G-074-pt_Group-9:30 AM | AO31: ='16U_F_Champ'!L159&"-"&'16U_F_Champ'!O159&"-"&TEXT('16U_F_Champ'!B159,"h:mm am/pm") -> 16G-075-au_Group-9:30 AM | AP31: ='16U_F_Champ'!L178&"-"&'16U_F_Champ'!O178&"-"&TEXT('16U_F_Champ'!B178,"h:mm am/pm") -> 16G-076-au_Group-9:30 AM | AQ31: ='18U_F_Classic-44'!L148&"-"&'18U_F_Classic-44'!O148&"-"&TEXT('18U_F_Classic-44'!B148,"h:mm am/pm") -> 18GX-074-ag Group-9:30 AM | AR31: ='18U_F_Classic-44'!L167&"-"&'18U_F_Classic-44'!O167&"-"&TEXT('18U_F_Classic-44'!B167,"h:mm am/pm") -> 18GX-075-bz Group-9:30 AM | AU31: 0.41666667 | AV31: ='18U_F_Champ'!L125&"-"&'18U_F_Champ'!N125&"-"&TEXT('18U_F_Champ'!B125,"h:mm am/pm") -> 18G-079-pt_Group-10:00 AM | AX31: ='18U_F_Champ'!L139&"-"&'18U_F_Champ'!N139&"-"&TEXT('18U_F_Champ'!B139,"h:mm am/pm") -> 18G-080-pt_Group-10:00 AM | AY31: ='18U_F_Champ'!L155&"-"&'18U_F_Champ'!N155&"-"&TEXT('18U_F_Champ'!B155,"h:mm am/pm") -> 18G-076-au_Group-10:00 AM | AZ31: ='18U_F_Champ'!L187&"-"&'18U_F_Champ'!N187&"-"&TEXT('18U_F_Champ'!B187,"h:mm am/pm") -> 18G-078-au_Group-10:00 AM | BB31: ='18U_F_Champ'!L171&"-"&'18U_F_Champ'!N171&"-"&TEXT('18U_F_Champ'!B171,"h:mm am/pm") -> 18G-102-au_Group-10:00 AM
A32: 0.43055556 | B32: ='10U_Coed_Classic 22 from 23'!L67&"-"&'10U_Coed_Classic 22 from 23'!O67&"-"&TEXT('10U_Coed_Classic 22 from 23'!B67,"h:mm am/pm") -> 10CX-035-ag_Group-10:20 AM | C32: ='10U_F_Champ-18 teams'!L60&"-"&'10U_F_Champ-18 teams'!N60&"-"&TEXT('10U_F_Champ-18 teams'!B60,"h:mm am/pm") -> 10G-079-pt_Group-10:20 AM | D32: ='10U_F_Champ-18 teams'!L75&"-"&'10U_F_Champ-18 teams'!N75&"-"&TEXT('10U_F_Champ-18 teams'!B75,"h:mm am/pm") -> 10G-078-pt_Group-10:20 AM | E32: ='10U_Coed_Champ_36'!L94&"-"&'10U_Coed_Champ_36'!O94&"-"&TEXT('10U_Coed_Champ_36'!B94,"h:mm am/pm") -> 10C-060-pt_Group-10:20 AM | F32: ='10U_Coed_Champ_36'!L138&"-"&'10U_Coed_Champ_36'!O138&"-"&TEXT('10U_Coed_Champ_36'!B138,"h:mm am/pm") -> 10C-065-au_Group-10:20 AM | G32: ='10U_Coed_Champ_36'!L113&"-"&'10U_Coed_Champ_36'!O113&"-"&TEXT('10U_Coed_Champ_36'!B113,"h:mm am/pm") -> 10C-061-pt_Group-10:20 AM | I32: ='10U_Coed_Classic 22 from 23'!L82&"-"&'10U_Coed_Classic 22 from 23'!O82&"-"&TEXT('10U_Coed_Classic 22 from 23'!B82,"h:mm am/pm") -> 10CX-036-bz_Group-10:20 AM | J32: 0.43055556 | L32: ='12U_Coed_Champ-45'!L120&"-"&'12U_Coed_Champ-45'!N120&"-"&TEXT('12U_Coed_Champ-45'!B120,"h:mm am/pm") -> 12C-080-pt_Group-10:20 AM | M32: ='12U_Coed_Champ-45'!L157&"-"&'12U_Coed_Champ-45'!N157&"-"&TEXT('12U_Coed_Champ-45'!B157,"h:mm am/pm") -> 12C-078-pt_Group-10:20 AM | N32: ='12U_Coed_Champ-45'!L176&"-"&'12U_Coed_Champ-45'!N176&"-"&TEXT('12U_Coed_Champ-45'!B176,"h:mm am/pm") -> 12C-077-pt_Group-10:20 AM | O32: 0.43055556 | P32: ='12U_F_Champ-52'!L192&"-"&'12U_F_Champ-52'!N192&"-"&TEXT('12U_F_Champ-52'!B192,"h:mm am/pm") -> 12G-077-au_S Group of 4-10:20 AM | Q32: ='14U_F_Classic-39 from 40'!L118&"-"&'14U_F_Classic-39 from 40'!N118&"-"&TEXT('14U_F_Classic-39 from 40'!B118,"h:mm am/pm") -> 14GX-077-ag_Group-10:20 AM | R32: ='12U_F_Champ-52'!L160&"-"&'12U_F_Champ-52'!N160&"-"&TEXT('12U_F_Champ-52'!B160,"h:mm am/pm") -> 12G-071-pt_Group-10:20 AM | S32: ='12U_F_Champ-52'!L175&"-"&'12U_F_Champ-52'!N175&"-"&TEXT('12U_F_Champ-52'!B175,"h:mm am/pm") -> 12G-072-pt_Group-10:20 AM | T32: ='12U_F_Champ-52'!L210&"-"&'12U_F_Champ-52'!N210&"-"&TEXT('12U_F_Champ-52'!B210,"h:mm am/pm") -> 12G-078-au_T group of 4-10:20 AM | U32: 0.43055556 | V32: ='16U_F_Champ'!L122&"-"&'16U_F_Champ'!O122&"-"&TEXT('16U_F_Champ'!B122,"h:mm am/pm") -> 16G-077-pt_Group-10:20 AM | W32: ='14U_F_Classic-39 from 40'!L168&"-"&'14U_F_Classic-39 from 40'!N168&"-"&TEXT('14U_F_Classic-39 from 40'!B168,"h:mm am/pm") -> 14GX-080-ag_Group-10:20 AM | X32: ='14U_F_Classic-39 from 40'!L135&"-"&'14U_F_Classic-39 from 40'!N135&"-"&TEXT('14U_F_Classic-39 from 40'!B135,"h:mm am/pm") -> 14GX-078-ag_Group-10:20 AM | Y32: ='14U_F_Classic-39 from 40'!L152&"-"&'14U_F_Classic-39 from 40'!N152&"-"&TEXT('14U_F_Classic-39 from 40'!B152,"h:mm am/pm") -> 14GX-075-bz_Group-10:20 AM | Z32: 0.43055556 | AA32: ='14U_F_Champ'!L161&"-"&'14U_F_Champ'!N161&"-"&TEXT('14U_F_Champ'!B161,"h:mm am/pm") -> 14G-079-au_Group-10:20 AM | AB32: ='14U_F_Champ'!L142&"-"&'14U_F_Champ'!N142&"-"&TEXT('14U_F_Champ'!B142,"h:mm am/pm") -> 14G-078-pt_Group-10:20 AM | AC32: ='14U_F_Champ'!L123&"-"&'14U_F_Champ'!N123&"-"&TEXT('14U_F_Champ'!B123,"h:mm am/pm") -> 14G-077-pt_Group-10:20 AM | AD32: ='18U_F_Classic-44'!L130&"-"&'18U_F_Classic-44'!O130&"-"&TEXT('18U_F_Classic-44'!B130,"h:mm am/pm") -> 18GX-077-ag Group-10:20 AM | AE32: ='14U_F_Champ'!L180&"-"&'14U_F_Champ'!N180&"-"&TEXT('14U_F_Champ'!B180,"h:mm am/pm") -> 14G-080-au_Group-10:20 AM | AF32: ='16U_F_Classic-45'!L120&"-"&'16U_F_Classic-45'!N120&"-"&TEXT('16U_F_Classic-45'!B120,"h:mm am/pm") -> 16GX-080-ag_Group-10:20 AM | AG32: ='16U_F_Classic-45'!L173&"-"&'16U_F_Classic-45'!N173&"-"&TEXT('16U_F_Classic-45'!B173,"h:mm am/pm") -> 16GX-077-ag_Group-10:20 AM | AI32: ='16U_F_Classic-45'!L154&"-"&'16U_F_Classic-45'!N154&"-"&TEXT('16U_F_Classic-45'!B154,"h:mm am/pm") -> 16GX-078-ag_Group-10:20 AM | AL32: 0.43055556 | AM32: ='16U_F_Champ'!L141&"-"&'16U_F_Champ'!O141&"-"&TEXT('16U_F_Champ'!B141,"h:mm am/pm") -> 16G-078-pt_Group-10:20 AM | AO32: ='16U_F_Champ'!L160&"-"&'16U_F_Champ'!O160&"-"&TEXT('16U_F_Champ'!B160,"h:mm am/pm") -> 16G-079-au_Group-10:20 AM | AP32: ='16U_F_Champ'!L179&"-"&'16U_F_Champ'!O179&"-"&TEXT('16U_F_Champ'!B179,"h:mm am/pm") -> 16G-080-au_Group-10:20 AM | AQ32: ='18U_F_Classic-44'!L149&"-"&'18U_F_Classic-44'!O149&"-"&TEXT('18U_F_Classic-44'!B149,"h:mm am/pm") -> 18GX-078-ag Group-10:20 AM | AU32: 0.45833333 | AV32: ='18U_F_Champ'!L126&"-"&'18U_F_Champ'!N126&"-"&TEXT('18U_F_Champ'!B126,"h:mm am/pm") -> 18G-088-pt_Group-11:00 AM | AX32: ='18U_F_Champ'!L140&"-"&'18U_F_Champ'!N140&"-"&TEXT('18U_F_Champ'!B140,"h:mm am/pm") -> 18G-085-pt_Group-11:00 AM | AY32: ='18U_F_Champ'!L156&"-"&'18U_F_Champ'!N156&"-"&TEXT('18U_F_Champ'!B156,"h:mm am/pm") -> 18G-081-au_Group-11:00 AM | AZ32: ='18U_F_Champ'!L188&"-"&'18U_F_Champ'!N188&"-"&TEXT('18U_F_Champ'!B188,"h:mm am/pm") -> 18G-084-pt_Group-11:00 AM | BB32: ='18U_F_Champ'!L172&"-"&'18U_F_Champ'!N172&"-"&TEXT('18U_F_Champ'!B172,"h:mm am/pm") -> 18G-077-au_Group-11:00 AM
A33: 0.46527778 | B33: ='10U_Coed_Classic 22 from 23'!L68&"-"&'10U_Coed_Classic 22 from 23'!O68&"-"&TEXT('10U_Coed_Classic 22 from 23'!B68,"h:mm am/pm") -> 10CX-037-ag_Group-11:10 AM | C33: ='10U_F_Champ-18 teams'!L61&"-"&'10U_F_Champ-18 teams'!N61&"-"&TEXT('10U_F_Champ-18 teams'!B61,"h:mm am/pm") -> 10G-081-pt_Group-11:10 AM | D33: ='10U_F_Champ-18 teams'!L76&"-"&'10U_F_Champ-18 teams'!N76&"-"&TEXT('10U_F_Champ-18 teams'!B76,"h:mm am/pm") -> 10G-080-pt_Group-11:10 AM | E33: ='10U_Coed_Champ_36'!L95&"-"&'10U_Coed_Champ_36'!O95&"-"&TEXT('10U_Coed_Champ_36'!B95,"h:mm am/pm") -> 10C-063-pt_Group-11:10 AM | F33: ='10U_Coed_Champ_36'!L139&"-"&'10U_Coed_Champ_36'!O139&"-"&TEXT('10U_Coed_Champ_36'!B139,"h:mm am/pm") -> 10C-068-au_Group-11:10 AM | G33: ='10U_Coed_Champ_36'!L114&"-"&'10U_Coed_Champ_36'!O114&"-"&TEXT('10U_Coed_Champ_36'!B114,"h:mm am/pm") -> 10C-064-pt_Group-11:10 AM | J33: 0.46527778 | K33: ='12U_Coed_Champ-45'!L139&"-"&'12U_Coed_Champ-45'!N139&"-"&TEXT('12U_Coed_Champ-45'!B139,"h:mm am/pm") -> 12C-087-pt_Group-11:10 AM | L33: ='12U_Coed_Champ-45'!L121&"-"&'12U_Coed_Champ-45'!N121&"-"&TEXT('12U_Coed_Champ-45'!B121,"h:mm am/pm") -> 12C-084-au_Group-11:10 AM | M33: ='12U_Coed_Champ-45'!L158&"-"&'12U_Coed_Champ-45'!N158&"-"&TEXT('12U_Coed_Champ-45'!B158,"h:mm am/pm") -> 12C-082-au_Group-11:10 AM | N33: ='12U_Coed_Champ-45'!L177&"-"&'12U_Coed_Champ-45'!N177&"-"&TEXT('12U_Coed_Champ-45'!B177,"h:mm am/pm") -> 12C-081-au_Group-11:10 AM | O33: 0.46527778 | P33: ='12U_F_Champ-52'!L193&"-"&'12U_F_Champ-52'!N193&"-"&TEXT('12U_F_Champ-52'!B193,"h:mm am/pm") -> 12G-081-au_S Group of 4-11:10 AM | R33: ='12U_F_Champ-52'!L161&"-"&'12U_F_Champ-52'!N161&"-"&TEXT('12U_F_Champ-52'!B161,"h:mm am/pm") -> 12G-075-pt_Group-11:10 AM | S33: ='12U_F_Champ-52'!L176&"-"&'12U_F_Champ-52'!N176&"-"&TEXT('12U_F_Champ-52'!B176,"h:mm am/pm") -> 12G-076-pt_Group-11:10 AM | T33: ='12U_F_Champ-52'!L211&"-"&'12U_F_Champ-52'!N211&"-"&TEXT('12U_F_Champ-52'!B211,"h:mm am/pm") -> 12G-082-au_T group of 4-11:10 AM | U33: 0.46527778 | V33: ='16U_F_Champ'!L123&"-"&'16U_F_Champ'!O123&"-"&TEXT('16U_F_Champ'!B123,"h:mm am/pm") -> 16G-081-pt_Group-11:10 AM | Z33: 0.46527778 | AA33: ='14U_F_Champ'!L162&"-"&'14U_F_Champ'!N162&"-"&TEXT('14U_F_Champ'!B162,"h:mm am/pm") -> 14G-083-au_Group-11:10 AM | AB33: ='14U_F_Champ'!L143&"-"&'14U_F_Champ'!N143&"-"&TEXT('14U_F_Champ'!B143,"h:mm am/pm") -> 14G-082-pt_Group-11:10 AM | AC33: ='14U_F_Champ'!L124&"-"&'14U_F_Champ'!N124&"-"&TEXT('14U_F_Champ'!B124,"h:mm am/pm") -> 14G-081-pt_Group-11:10 AM | AD33: ='18U_F_Classic-44'!L131&"-"&'18U_F_Classic-44'!O131&"-"&TEXT('18U_F_Classic-44'!B131,"h:mm am/pm") -> 18GX-081-ag Group-11:10 AM | AE33: ='14U_F_Champ'!L181&"-"&'14U_F_Champ'!N181&"-"&TEXT('14U_F_Champ'!B181,"h:mm am/pm") -> 14G-084-au_Group-11:10 AM | AF33: ='16U_F_Classic-45'!L121&"-"&'16U_F_Classic-45'!N121&"-"&TEXT('16U_F_Classic-45'!B121,"h:mm am/pm") -> 16GX-084-bz_Group-11:10 AM | AG33: ='16U_F_Classic-45'!L174&"-"&'16U_F_Classic-45'!N174&"-"&TEXT('16U_F_Classic-45'!B174,"h:mm am/pm") -> 16GX-081-bz_Group-11:10 AM | AH33: ='16U_F_Classic-45'!L139&"-"&'16U_F_Classic-45'!N139&"-"&TEXT('16U_F_Classic-45'!B139,"h:mm am/pm") -> 16GX-087-ag_Group-11:10 AM | AI33: ='16U_F_Classic-45'!L155&"-"&'16U_F_Classic-45'!N155&"-"&TEXT('16U_F_Classic-45'!B155,"h:mm am/pm") -> 16GX-082-bz_Group-11:10 AM | AL33: 0.46527778 | AM33: ='16U_F_Champ'!L142&"-"&'16U_F_Champ'!O142&"-"&TEXT('16U_F_Champ'!B142,"h:mm am/pm") -> 16G-082-pt_Group-11:10 AM | AO33: ='16U_F_Champ'!L161&"-"&'16U_F_Champ'!O161&"-"&TEXT('16U_F_Champ'!B161,"h:mm am/pm") -> 16G-083-au_Group-11:10 AM | AP33: ='16U_F_Champ'!L180&"-"&'16U_F_Champ'!O180&"-"&TEXT('16U_F_Champ'!B180,"h:mm am/pm") -> 16G-084-au_Group-11:10 AM | AQ33: ='18U_F_Classic-44'!L150&"-"&'18U_F_Classic-44'!O150&"-"&TEXT('18U_F_Classic-44'!B150,"h:mm am/pm") -> 18GX-082-ag Group-11:10 AM | AU33: 0.5 | AV33: ='18U_F_Champ'!L127&"-"&'18U_F_Champ'!N127&"-"&TEXT('18U_F_Champ'!B127,"h:mm am/pm") -> 18G-089-pt_Group-12:00 PM | AX33: ='18U_F_Champ'!L141&"-"&'18U_F_Champ'!N141&"-"&TEXT('18U_F_Champ'!B141,"h:mm am/pm") -> 18G-090-pt_Group-12:00 PM | AY33: ='18U_F_Champ'!L157&"-"&'18U_F_Champ'!N157&"-"&TEXT('18U_F_Champ'!B157,"h:mm am/pm") -> 18G-086-au_Group-12:00 PM | AZ33: ='18U_F_Champ'!L189&"-"&'18U_F_Champ'!N189&"-"&TEXT('18U_F_Champ'!B189,"h:mm am/pm") -> 18G-093-pt_Group-12:00 PM | BB33: ='18U_F_Champ'!L173&"-"&'18U_F_Champ'!N173&"-"&TEXT('18U_F_Champ'!B173,"h:mm am/pm") -> 18G-082-au_Group-12:00 PM
A34: 0.5 | B34: ='10U_Coed_Classic 22 from 23'!L69&"-"&'10U_Coed_Classic 22 from 23'!O69&"-"&TEXT('10U_Coed_Classic 22 from 23'!B69,"h:mm am/pm") -> 10CX-039-ag_Group-12:00 PM | C34: ='10U_F_Champ-18 teams'!L62&"-"&'10U_F_Champ-18 teams'!N62&"-"&TEXT('10U_F_Champ-18 teams'!B62,"h:mm am/pm") -> 10G-083-pt_Group-12:00 PM | D34: ='10U_F_Champ-18 teams'!L77&"-"&'10U_F_Champ-18 teams'!N77&"-"&TEXT('10U_F_Champ-18 teams'!B77,"h:mm am/pm") -> 10G-082-pt_Group-12:00 PM | E34: ='10U_Coed_Champ_36'!L96&"-"&'10U_Coed_Champ_36'!O96&"-"&TEXT('10U_Coed_Champ_36'!B96,"h:mm am/pm") -> 10C-066-pt_Group-12:00 PM | F34: ='10U_Coed_Champ_36'!L140&"-"&'10U_Coed_Champ_36'!O140&"-"&TEXT('10U_Coed_Champ_36'!B140,"h:mm am/pm") -> 10C-071-au_Group-12:00 PM | G34: ='10U_Coed_Champ_36'!L115&"-"&'10U_Coed_Champ_36'!O115&"-"&TEXT('10U_Coed_Champ_36'!B115,"h:mm am/pm") -> 10C-067-pt_Group-12:00 PM | I34: ='10U_Coed_Classic 22 from 23'!L84&"-"&'10U_Coed_Classic 22 from 23'!O84&"-"&TEXT('10U_Coed_Classic 22 from 23'!B84,"h:mm am/pm") -> 10CX-040-bz_Group-12:00 PM | J34: 0.5 | K34: ='12U_Coed_Champ-45'!L140&"-"&'12U_Coed_Champ-45'!N140&"-"&TEXT('12U_Coed_Champ-45'!B140,"h:mm am/pm") -> 12C-091-au_Group-12:00 PM | L34: ='12U_Coed_Champ-45'!L122&"-"&'12U_Coed_Champ-45'!N122&"-"&TEXT('12U_Coed_Champ-45'!B122,"h:mm am/pm") -> 12C-088-pt_Group-12:00 PM | M34: ='12U_Coed_Champ-45'!L159&"-"&'12U_Coed_Champ-45'!N159&"-"&TEXT('12U_Coed_Champ-45'!B159,"h:mm am/pm") -> 12C-086-pt_Group-12:00 PM | N34: ='12U_Coed_Champ-45'!L178&"-"&'12U_Coed_Champ-45'!N178&"-"&TEXT('12U_Coed_Champ-45'!B178,"h:mm am/pm") -> 12C-085-pt_Group-12:00 PM | O34: 0.5 | P34: ='12U_F_Champ-52'!L194&"-"&'12U_F_Champ-52'!N194&"-"&TEXT('12U_F_Champ-52'!B194,"h:mm am/pm") -> 12G-085-au_Group-12:00 PM | Q34: ='14U_F_Classic-39 from 40'!L120&"-"&'14U_F_Classic-39 from 40'!N120&"-"&TEXT('14U_F_Classic-39 from 40'!B120,"h:mm am/pm") -> 14GX-085-ag_Group-12:00 PM | R34: ='12U_F_Champ-52'!L162&"-"&'12U_F_Champ-52'!N162&"-"&TEXT('12U_F_Champ-52'!B162,"h:mm am/pm") -> 12G-079-pt_Group-12:00 PM | S34: ='12U_F_Champ-52'!L177&"-"&'12U_F_Champ-52'!N177&"-"&TEXT('12U_F_Champ-52'!B177,"h:mm am/pm") -> 12G-080-pt_Group-12:00 PM | T34: ='12U_F_Champ-52'!L212&"-"&'12U_F_Champ-52'!N212&"-"&TEXT('12U_F_Champ-52'!B212,"h:mm am/pm") -> 12G-086-au_Group-12:00 PM | U34: 0.5 | V34: ='16U_F_Champ'!L124&"-"&'16U_F_Champ'!O124&"-"&TEXT('16U_F_Champ'!B124,"h:mm am/pm") -> 16G-085-pt_Group-12:00 PM | X34: ='14U_F_Classic-39 from 40'!L137&"-"&'14U_F_Classic-39 from 40'!N137&"-"&TEXT('14U_F_Classic-39 from 40'!B137,"h:mm am/pm") -> 14GX-086-ag_Group-12:00 PM | Y34: ='14U_F_Classic-39 from 40'!L154&"-"&'14U_F_Classic-39 from 40'!N154&"-"&TEXT('14U_F_Classic-39 from 40'!B154,"h:mm am/pm") -> 14GX-087-ag_Group-12:00 PM | Z34: 0.5 | AA34: ='14U_F_Champ'!L163&"-"&'14U_F_Champ'!N163&"-"&TEXT('14U_F_Champ'!B163,"h:mm am/pm") -> 14G-087-au_Group-12:00 PM | AB34: ='14U_F_Champ'!L144&"-"&'14U_F_Champ'!N144&"-"&TEXT('14U_F_Champ'!B144,"h:mm am/pm") -> 14G-086-pt_Group-12:00 PM | AC34: ='14U_F_Champ'!L125&"-"&'14U_F_Champ'!N125&"-"&TEXT('14U_F_Champ'!B125,"h:mm am/pm") -> 14G-085-pt_Group-12:00 PM | AD34: ='18U_F_Classic-44'!L132&"-"&'18U_F_Classic-44'!O132&"-"&TEXT('18U_F_Classic-44'!B132,"h:mm am/pm") -> 18GX-085-ag Group-12:00 PM | AE34: ='14U_F_Champ'!L182&"-"&'14U_F_Champ'!N182&"-"&TEXT('14U_F_Champ'!B182,"h:mm am/pm") -> 14G-088-au_Group-12:00 PM | AF34: ='16U_F_Classic-45'!L122&"-"&'16U_F_Classic-45'!N122&"-"&TEXT('16U_F_Classic-45'!B122,"h:mm am/pm") -> 16GX-088-ag_Group-12:00 PM | AG34: ='16U_F_Classic-45'!L175&"-"&'16U_F_Classic-45'!N175&"-"&TEXT('16U_F_Classic-45'!B175,"h:mm am/pm") -> 16GX-085-ag_Group-12:00 PM | AH34: ='16U_F_Classic-45'!L140&"-"&'16U_F_Classic-45'!N140&"-"&TEXT('16U_F_Classic-45'!B140,"h:mm am/pm") -> 16GX-091-bz_Group-12:00 PM | AI34: ='16U_F_Classic-45'!L156&"-"&'16U_F_Classic-45'!N156&"-"&TEXT('16U_F_Classic-45'!B156,"h:mm am/pm") -> 16GX-086-ag_Group-12:00 PM | AJ34: ='18U_F_Classic-44'!L189&"-"&'18U_F_Classic-44'!O189&"-"&TEXT('18U_F_Classic-44'!B189,"h:mm am/pm") -> 18GX-088-bz Group-12:00 PM | AL34: 0.5 | AM34: ='16U_F_Champ'!L143&"-"&'16U_F_Champ'!O143&"-"&TEXT('16U_F_Champ'!B143,"h:mm am/pm") -> 16G-086-pt_Group-12:00 PM | AO34: ='16U_F_Champ'!L162&"-"&'16U_F_Champ'!O162&"-"&TEXT('16U_F_Champ'!B162,"h:mm am/pm") -> 16G-087-au_Group-12:00 PM | AP34: ='16U_F_Champ'!L181&"-"&'16U_F_Champ'!O181&"-"&TEXT('16U_F_Champ'!B181,"h:mm am/pm") -> 16G-088-au_Group-12:00 PM | AQ34: ='18U_F_Classic-44'!L151&"-"&'18U_F_Classic-44'!O151&"-"&TEXT('18U_F_Classic-44'!B151,"h:mm am/pm") -> 18GX-086-ag Group-12:00 PM | AR34: ='18U_F_Classic-44'!L170&"-"&'18U_F_Classic-44'!O170&"-"&TEXT('18U_F_Classic-44'!B170,"h:mm am/pm") -> 18GX-087-bz Group-12:00 PM | AU34: 0.54166667 | AV34: ='18U_F_Champ'!L128&"-"&'18U_F_Champ'!N128&"-"&TEXT('18U_F_Champ'!B128,"h:mm am/pm") -> 18G-094-pt_Group-1:00 PM | AX34: ='18U_F_Champ'!L142&"-"&'18U_F_Champ'!N142&"-"&TEXT('18U_F_Champ'!B142,"h:mm am/pm") -> 18G-095-pt_Group-1:00 PM | AY34: ='18U_F_Champ'!L158&"-"&'18U_F_Champ'!N158&"-"&TEXT('18U_F_Champ'!B158,"h:mm am/pm") -> 18G-091-au_Group-1:00 PM | AZ34: ='18U_F_Champ'!L190&"-"&'18U_F_Champ'!N190&"-"&TEXT('18U_F_Champ'!B190,"h:mm am/pm") -> 18G-083-au_Group-1:00 PM | BB34: ='18U_F_Champ'!L174&"-"&'18U_F_Champ'!N174&"-"&TEXT('18U_F_Champ'!B174,"h:mm am/pm") -> 18G-087-au_Group-1:00 PM
A35: 0.53472222 | B35: ='10U_Coed_Classic 22 from 23'!L70&"-"&'10U_Coed_Classic 22 from 23'!O70&"-"&TEXT('10U_Coed_Classic 22 from 23'!B70,"h:mm am/pm") -> 10CX-041-ag_Group-12:50 PM | C35: ='10U_F_Champ-18 teams'!L63&"-"&'10U_F_Champ-18 teams'!N63&"-"&TEXT('10U_F_Champ-18 teams'!B63,"h:mm am/pm") -> 10G-085-pt_Group-12:50 PM | D35: ='10U_F_Champ-18 teams'!L78&"-"&'10U_F_Champ-18 teams'!N78&"-"&TEXT('10U_F_Champ-18 teams'!B78,"h:mm am/pm") -> 10G-084-pt_Group-12:50 PM | E35: ='10U_Coed_Champ_36'!L97&"-"&'10U_Coed_Champ_36'!O97&"-"&TEXT('10U_Coed_Champ_36'!B97,"h:mm am/pm") -> 10C-069-pt_Group-12:50 PM | F35: ='10U_Coed_Champ_36'!L141&"-"&'10U_Coed_Champ_36'!O141&"-"&TEXT('10U_Coed_Champ_36'!B141,"h:mm am/pm") -> 10C-074-au_Group-12:50 PM | G35: ='10U_Coed_Champ_36'!L116&"-"&'10U_Coed_Champ_36'!O116&"-"&TEXT('10U_Coed_Champ_36'!B116,"h:mm am/pm") -> 10C-070-pt_Group-12:50 PM | I35: ='10U_Coed_Classic 22 from 23'!L85&"-"&'10U_Coed_Classic 22 from 23'!O85&"-"&TEXT('10U_Coed_Classic 22 from 23'!B85,"h:mm am/pm") -> 10CX-042-bz_Group-12:50 PM | J35: 0.53472222 | K35: ='12U_Coed_Champ-45'!L141&"-"&'12U_Coed_Champ-45'!N141&"-"&TEXT('12U_Coed_Champ-45'!B141,"h:mm am/pm") -> 12C-095-pt_Group-12:50 PM | L35: ='12U_Coed_Champ-45'!L123&"-"&'12U_Coed_Champ-45'!N123&"-"&TEXT('12U_Coed_Champ-45'!B123,"h:mm am/pm") -> 12C-092-au_Group-12:50 PM | M35: ='12U_Coed_Champ-45'!L160&"-"&'12U_Coed_Champ-45'!N160&"-"&TEXT('12U_Coed_Champ-45'!B160,"h:mm am/pm") -> 12C-090-au_Group-12:50 PM | N35: ='12U_Coed_Champ-45'!L179&"-"&'12U_Coed_Champ-45'!N179&"-"&TEXT('12U_Coed_Champ-45'!B179,"h:mm am/pm") -> 12C-089-au_Group-12:50 PM | O35: 0.53472222 | P35: ='12U_F_Champ-52'!L195&"-"&'12U_F_Champ-52'!N195&"-"&TEXT('12U_F_Champ-52'!B195,"h:mm am/pm") -> 12G-089-au_Group-12:50 PM | Q35: ='14U_F_Classic-39 from 40'!L121&"-"&'14U_F_Classic-39 from 40'!N121&"-"&TEXT('14U_F_Classic-39 from 40'!B121,"h:mm am/pm") -> 14GX-089-bz_Group-12:50 PM | R35: ='12U_F_Champ-52'!L163&"-"&'12U_F_Champ-52'!N163&"-"&TEXT('12U_F_Champ-52'!B163,"h:mm am/pm") -> 12G-083-pt_Group-12:50 PM | S35: ='12U_F_Champ-52'!L178&"-"&'12U_F_Champ-52'!N178&"-"&TEXT('12U_F_Champ-52'!B178,"h:mm am/pm") -> 12G-084-pt_Group-12:50 PM | T35: ='12U_F_Champ-52'!L213&"-"&'12U_F_Champ-52'!N213&"-"&TEXT('12U_F_Champ-52'!B213,"h:mm am/pm") -> 12G-090-au_1st/2ndU-12:50 PM | U35: 0.53472222 | V35: ='16U_F_Champ'!L125&"-"&'16U_F_Champ'!O125&"-"&TEXT('16U_F_Champ'!B125,"h:mm am/pm") -> 16G-089-pt_Group-12:50 PM | W35: ='14U_F_Classic-39 from 40'!L171&"-"&'14U_F_Classic-39 from 40'!N171&"-"&TEXT('14U_F_Classic-39 from 40'!B171,"h:mm am/pm") -> 14GX-092-bz_Group-12:50 PM | X35: ='14U_F_Classic-39 from 40'!L138&"-"&'14U_F_Classic-39 from 40'!N138&"-"&TEXT('14U_F_Classic-39 from 40'!B138,"h:mm am/pm") -> 14GX-090-bz_Group-12:50 PM | Y35: ='14U_F_Classic-39 from 40'!L155&"-"&'14U_F_Classic-39 from 40'!N155&"-"&TEXT('14U_F_Classic-39 from 40'!B155,"h:mm am/pm") -> 14GX-095-ag_Group-12:50 PM | Z35: 0.53472222 | AA35: ='14U_F_Champ'!L164&"-"&'14U_F_Champ'!N164&"-"&TEXT('14U_F_Champ'!B164,"h:mm am/pm") -> 14G-091-au_Group-12:50 PM | AB35: ='14U_F_Champ'!L145&"-"&'14U_F_Champ'!N145&"-"&TEXT('14U_F_Champ'!B145,"h:mm am/pm") -> 14G-090-pt_Group-12:50 PM | AC35: ='14U_F_Champ'!L126&"-"&'14U_F_Champ'!N126&"-"&TEXT('14U_F_Champ'!B126,"h:mm am/pm") -> 14G-089-pt_Group-12:50 PM | AD35: ='18U_F_Classic-44'!L133&"-"&'18U_F_Classic-44'!O133&"-"&TEXT('18U_F_Classic-44'!B133,"h:mm am/pm") -> 18GX-089-ag Group-12:50 PM | AE35: ='14U_F_Champ'!L183&"-"&'14U_F_Champ'!N183&"-"&TEXT('14U_F_Champ'!B183,"h:mm am/pm") -> 14G-092-au_Group-12:50 PM | AF35: ='16U_F_Classic-45'!L123&"-"&'16U_F_Classic-45'!N123&"-"&TEXT('16U_F_Classic-45'!B123,"h:mm am/pm") -> 16GX-092-bz_Group-12:50 PM | AG35: ='16U_F_Classic-45'!L176&"-"&'16U_F_Classic-45'!N176&"-"&TEXT('16U_F_Classic-45'!B176,"h:mm am/pm") -> 16GX-089-bz_Group-12:50 PM | AH35: ='16U_F_Classic-45'!L141&"-"&'16U_F_Classic-45'!N141&"-"&TEXT('16U_F_Classic-45'!B141,"h:mm am/pm") -> 16GX-095-ag_Group-12:50 PM | AI35: ='16U_F_Classic-45'!L157&"-"&'16U_F_Classic-45'!N157&"-"&TEXT('16U_F_Classic-45'!B157,"h:mm am/pm") -> 16GX-090-bz_Group-12:50 PM | AJ35: ='18U_F_Classic-44'!L190&"-"&'18U_F_Classic-44'!O190&"-"&TEXT('18U_F_Classic-44'!B190,"h:mm am/pm") -> 18GX-092-bz Group-12:50 PM | AL35: 0.53472222 | AM35: ='16U_F_Champ'!L144&"-"&'16U_F_Champ'!O144&"-"&TEXT('16U_F_Champ'!B144,"h:mm am/pm") -> 16G-090-pt_Group-12:50 PM | AO35: ='16U_F_Champ'!L163&"-"&'16U_F_Champ'!O163&"-"&TEXT('16U_F_Champ'!B163,"h:mm am/pm") -> 16G-091-au_Group-12:50 PM | AP35: ='16U_F_Champ'!L182&"-"&'16U_F_Champ'!O182&"-"&TEXT('16U_F_Champ'!B182,"h:mm am/pm") -> 16G-092-au_Group-12:50 PM | AQ35: ='18U_F_Classic-44'!L152&"-"&'18U_F_Classic-44'!O152&"-"&TEXT('18U_F_Classic-44'!B152,"h:mm am/pm") -> 18GX-090-ag Group-12:50 PM | AR35: ='18U_F_Classic-44'!L171&"-"&'18U_F_Classic-44'!O171&"-"&TEXT('18U_F_Classic-44'!B171,"h:mm am/pm") -> 18GX-091-bz Group-12:50 PM | AU35: 0.58333333 | AV35: ='18U_F_Champ'!L129&"-"&'18U_F_Champ'!N129&"-"&TEXT('18U_F_Champ'!B129,"h:mm am/pm") -> 18G-103-pt_Group-2:00 PM | AX35: ='18U_F_Champ'!L143&"-"&'18U_F_Champ'!N143&"-"&TEXT('18U_F_Champ'!B143,"h:mm am/pm") -> 18G-100-pt_Group-2:00 PM | AY35: ='18U_F_Champ'!L159&"-"&'18U_F_Champ'!N159&"-"&TEXT('18U_F_Champ'!B159,"h:mm am/pm") -> 18G-096-au_Group-2:00 PM | AZ35: ='18U_F_Champ'!L191&"-"&'18U_F_Champ'!N191&"-"&TEXT('18U_F_Champ'!B191,"h:mm am/pm") -> 18G-099-pt_Group-2:00 PM | BB35: ='18U_F_Champ'!L175&"-"&'18U_F_Champ'!N175&"-"&TEXT('18U_F_Champ'!B175,"h:mm am/pm") -> 18G-092-au_Group-2:00 PM
A36: 0.56944444 | B36: ='10U_Coed_Classic 22 from 23'!L71&"-"&'10U_Coed_Classic 22 from 23'!O71&"-"&TEXT('10U_Coed_Classic 22 from 23'!B71,"h:mm am/pm") -> 10CX-043-ag_Group-1:40 PM | C36: ='10U_F_Champ-18 teams'!L64&"-"&'10U_F_Champ-18 teams'!N64&"-"&TEXT('10U_F_Champ-18 teams'!B64,"h:mm am/pm") -> 10G-089-pt_Group-1:40 PM | D36: ='10U_F_Champ-18 teams'!L79&"-"&'10U_F_Champ-18 teams'!N79&"-"&TEXT('10U_F_Champ-18 teams'!B79,"h:mm am/pm") -> 10G-086-pt_Group-1:40 PM | E36: ='10U_Coed_Champ_36'!L98&"-"&'10U_Coed_Champ_36'!O98&"-"&TEXT('10U_Coed_Champ_36'!B98,"h:mm am/pm") -> 10C-072-pt_Group-1:40 PM | F36: ='10U_Coed_Champ_36'!L142&"-"&'10U_Coed_Champ_36'!O142&"-"&TEXT('10U_Coed_Champ_36'!B142,"h:mm am/pm") -> 10C-077-au_Group-1:40 PM | G36: ='10U_Coed_Champ_36'!L117&"-"&'10U_Coed_Champ_36'!O117&"-"&TEXT('10U_Coed_Champ_36'!B117,"h:mm am/pm") -> 10C-073-pt_Group-1:40 PM | I36: ='10U_Coed_Classic 22 from 23'!L86&"-"&'10U_Coed_Classic 22 from 23'!O86&"-"&TEXT('10U_Coed_Classic 22 from 23'!B86,"h:mm am/pm") -> 10CX-044-bz_Group-1:40 PM | J36: 0.56944444 | L36: ='12U_Coed_Champ-45'!L124&"-"&'12U_Coed_Champ-45'!N124&"-"&TEXT('12U_Coed_Champ-45'!B124,"h:mm am/pm") -> 12C-096-pt_Group-1:40 PM | M36: ='12U_Coed_Champ-45'!L161&"-"&'12U_Coed_Champ-45'!N161&"-"&TEXT('12U_Coed_Champ-45'!B161,"h:mm am/pm") -> 12C-094-pt_Group-1:40 PM | N36: ='12U_Coed_Champ-45'!L180&"-"&'12U_Coed_Champ-45'!N180&"-"&TEXT('12U_Coed_Champ-45'!B180,"h:mm am/pm") -> 12C-093-pt_Group-1:40 PM | O36: 0.56944444 | P36: ='12U_F_Champ-52'!L196&"-"&'12U_F_Champ-52'!N196&"-"&TEXT('12U_F_Champ-52'!B196,"h:mm am/pm") -> 12G-093-au_1st/2ndR-1:40 PM | Q36: ='14U_F_Classic-39 from 40'!L122&"-"&'14U_F_Classic-39 from 40'!N122&"-"&TEXT('14U_F_Classic-39 from 40'!B122,"h:mm am/pm") -> 14GX-093-ag_Group-1:40 PM | R36: ='12U_F_Champ-52'!L164&"-"&'12U_F_Champ-52'!N164&"-"&TEXT('12U_F_Champ-52'!B164,"h:mm am/pm") -> 12G-087-pt_Group-1:40 PM | S36: ='12U_F_Champ-52'!L179&"-"&'12U_F_Champ-52'!N179&"-"&TEXT('12U_F_Champ-52'!B179,"h:mm am/pm") -> 12G-088-pt_Group-1:40 PM | T36: ='12U_F_Champ-52'!L214&"-"&'12U_F_Champ-52'!N214&"-"&TEXT('12U_F_Champ-52'!B214,"h:mm am/pm") -> 12G-90A-au_3rd/4thU-1:40 PM | U36: 0.56944444 | V36: ='16U_F_Champ'!L126&"-"&'16U_F_Champ'!O126&"-"&TEXT('16U_F_Champ'!B126,"h:mm am/pm") -> 16G-093-pt_Group-1:40 PM | W36: ='14U_F_Classic-39 from 40'!L172&"-"&'14U_F_Classic-39 from 40'!N172&"-"&TEXT('14U_F_Classic-39 from 40'!B172,"h:mm am/pm") -> 14GX-096-ag_Group-1:40 PM | X36: ='14U_F_Classic-39 from 40'!L139&"-"&'14U_F_Classic-39 from 40'!N139&"-"&TEXT('14U_F_Classic-39 from 40'!B139,"h:mm am/pm") -> 14GX-094-ag_Group-1:40 PM | Y36: ='14U_F_Classic-39 from 40'!L156&"-"&'14U_F_Classic-39 from 40'!N156&"-"&TEXT('14U_F_Classic-39 from 40'!B156,"h:mm am/pm") -> 14GX-099-bz_Group-1:40 PM | Z36: 0.56944444 | AA36: ='14U_F_Champ'!L165&"-"&'14U_F_Champ'!N165&"-"&TEXT('14U_F_Champ'!B165,"h:mm am/pm") -> 14G-095-au_Group-1:40 PM | AB36: ='14U_F_Champ'!L146&"-"&'14U_F_Champ'!N146&"-"&TEXT('14U_F_Champ'!B146,"h:mm am/pm") -> 14G-094-pt_Group-1:40 PM | AC36: ='14U_F_Champ'!L127&"-"&'14U_F_Champ'!N127&"-"&TEXT('14U_F_Champ'!B127,"h:mm am/pm") -> 14G-093-pt_Group-1:40 PM | AD36: ='18U_F_Classic-44'!L134&"-"&'18U_F_Classic-44'!O134&"-"&TEXT('18U_F_Classic-44'!B134,"h:mm am/pm") -> 18GX-093-ag Group-1:40 PM | AE36: ='14U_F_Champ'!L184&"-"&'14U_F_Champ'!N184&"-"&TEXT('14U_F_Champ'!B184,"h:mm am/pm") -> 14G-096-au_Group-1:40 PM | AF36: ='16U_F_Classic-45'!L124&"-"&'16U_F_Classic-45'!N124&"-"&TEXT('16U_F_Classic-45'!B124,"h:mm am/pm") -> 16GX-096-ag_Group-1:40 PM | AG36: ='16U_F_Classic-45'!L177&"-"&'16U_F_Classic-45'!N177&"-"&TEXT('16U_F_Classic-45'!B177,"h:mm am/pm") -> 16GX-093-ag_Group-1:40 PM | AI36: ='16U_F_Classic-45'!L158&"-"&'16U_F_Classic-45'!N158&"-"&TEXT('16U_F_Classic-45'!B158,"h:mm am/pm") -> 16GX-094-ag_Group-1:40 PM | AJ36: ='18U_F_Classic-44'!L191&"-"&'18U_F_Classic-44'!O191&"-"&TEXT('18U_F_Classic-44'!B191,"h:mm am/pm") -> 18GX-096-bz Group-1:40 PM | AL36: 0.56944444 | AM36: ='16U_F_Champ'!L145&"-"&'16U_F_Champ'!O145&"-"&TEXT('16U_F_Champ'!B145,"h:mm am/pm") -> 16G-094-pt_Group-1:40 PM | AO36: ='16U_F_Champ'!L164&"-"&'16U_F_Champ'!O164&"-"&TEXT('16U_F_Champ'!B164,"h:mm am/pm") -> 16G-095-au_Group-1:40 PM | AP36: ='16U_F_Champ'!L183&"-"&'16U_F_Champ'!O183&"-"&TEXT('16U_F_Champ'!B183,"h:mm am/pm") -> 16G-096-au_Group-1:40 PM | AQ36: ='18U_F_Classic-44'!L153&"-"&'18U_F_Classic-44'!O153&"-"&TEXT('18U_F_Classic-44'!B153,"h:mm am/pm") -> 18GX-094-ag Group-1:40 PM | AR36: ='18U_F_Classic-44'!L172&"-"&'18U_F_Classic-44'!O172&"-"&TEXT('18U_F_Classic-44'!B172,"h:mm am/pm") -> 18GX-095-bz Group-1:40 PM | AU36: 0.625 | AV36: ='18U_F_Champ'!L130&"-"&'18U_F_Champ'!N130&"-"&TEXT('18U_F_Champ'!B130,"h:mm am/pm") -> 18G-104-pt_Group-3:00 PM | AX36: ='18U_F_Champ'!L144&"-"&'18U_F_Champ'!N144&"-"&TEXT('18U_F_Champ'!B144,"h:mm am/pm") -> 18G-105-pt_Group-3:00 PM | AY36: ='18U_F_Champ'!L160&"-"&'18U_F_Champ'!N160&"-"&TEXT('18U_F_Champ'!B160,"h:mm am/pm") -> 18G-101-au_Group-3:00 PM | AZ36: ='18U_F_Champ'!L192&"-"&'18U_F_Champ'!N192&"-"&TEXT('18U_F_Champ'!B192,"h:mm am/pm") -> 18G-098-au_Group-3:00 PM | BB36: ='18U_F_Champ'!L176&"-"&'18U_F_Champ'!N176&"-"&TEXT('18U_F_Champ'!B176,"h:mm am/pm") -> 18G-097-au_Group-3:00 PM
A37: 0.60416667 | B37: ='10U_Coed_Classic 22 from 23'!L72&"-"&'10U_Coed_Classic 22 from 23'!O72&"-"&TEXT('10U_Coed_Classic 22 from 23'!B72,"h:mm am/pm") -> 10CX-045-ag_Group-2:30 PM | D37: ='10U_F_Champ-18 teams'!L80&"-"&'10U_F_Champ-18 teams'!N80&"-"&TEXT('10U_F_Champ-18 teams'!B80,"h:mm am/pm") -> 10G-090-pt_Group-2:30 PM | E37: ='10U_Coed_Champ_36'!L99&"-"&'10U_Coed_Champ_36'!O99&"-"&TEXT('10U_Coed_Champ_36'!B99,"h:mm am/pm") -> 10C-075-pt_Group-2:30 PM | F37: ='10U_Coed_Champ_36'!L143&"-"&'10U_Coed_Champ_36'!O143&"-"&TEXT('10U_Coed_Champ_36'!B143,"h:mm am/pm") -> 10C-080-au_Group-2:30 PM | G37: ='10U_Coed_Champ_36'!L118&"-"&'10U_Coed_Champ_36'!O118&"-"&TEXT('10U_Coed_Champ_36'!B118,"h:mm am/pm") -> 10C-076-pt_Group-2:30 PM | I37: ='10U_Coed_Classic 22 from 23'!L87&"-"&'10U_Coed_Classic 22 from 23'!O87&"-"&TEXT('10U_Coed_Classic 22 from 23'!B87,"h:mm am/pm") -> 10CX-046-bz_Group-2:30 PM | J37: 0.60416667 | K37: ='12U_Coed_Champ-45'!L143&"-"&'12U_Coed_Champ-45'!N143&"-"&TEXT('12U_Coed_Champ-45'!B143,"h:mm am/pm") -> 12C-103-pt_Group-2:30 PM | L37: ='12U_Coed_Champ-45'!L125&"-"&'12U_Coed_Champ-45'!N125&"-"&TEXT('12U_Coed_Champ-45'!B125,"h:mm am/pm") -> 12C-100-au_Group-2:30 PM | M37: ='12U_Coed_Champ-45'!L162&"-"&'12U_Coed_Champ-45'!N162&"-"&TEXT('12U_Coed_Champ-45'!B162,"h:mm am/pm") -> 12C-098-au_Group-2:30 PM | N37: ='12U_Coed_Champ-45'!L181&"-"&'12U_Coed_Champ-45'!N181&"-"&TEXT('12U_Coed_Champ-45'!B181,"h:mm am/pm") -> 12C-097-au_Group-2:30 PM | O37: 0.60416667 | P37: ='12U_F_Champ-52'!L197&"-"&'12U_F_Champ-52'!N197&"-"&TEXT('12U_F_Champ-52'!B197,"h:mm am/pm") -> 12G-097-au_1st/2ndS-2:30 PM | Q37: ='14U_F_Classic-39 from 40'!L123&"-"&'14U_F_Classic-39 from 40'!N123&"-"&TEXT('14U_F_Classic-39 from 40'!B123,"h:mm am/pm") -> 14GX-097-bz_Group-2:30 PM | R37: ='12U_F_Champ-52'!L165&"-"&'12U_F_Champ-52'!N165&"-"&TEXT('12U_F_Champ-52'!B165,"h:mm am/pm") -> 12G-091-pt_Group-2:30 PM | S37: ='12U_F_Champ-52'!L180&"-"&'12U_F_Champ-52'!N180&"-"&TEXT('12U_F_Champ-52'!B180,"h:mm am/pm") -> 12G-092-pt_Group-2:30 PM | T37: ='12U_F_Champ-52'!L215&"-"&'12U_F_Champ-52'!N215&"-"&TEXT('12U_F_Champ-52'!B215,"h:mm am/pm") -> 12G-094-au_Group-2:30 PM | U37: 0.60416667 | V37: ='16U_F_Champ'!L127&"-"&'16U_F_Champ'!O127&"-"&TEXT('16U_F_Champ'!B127,"h:mm am/pm") -> 16G-097-pt_Group-2:30 PM | W37: ='14U_F_Classic-39 from 40'!L173&"-"&'14U_F_Classic-39 from 40'!N173&"-"&TEXT('14U_F_Classic-39 from 40'!B173,"h:mm am/pm") -> 14GX-100-bz_Group-2:30 PM | X37: ='14U_F_Classic-39 from 40'!L140&"-"&'14U_F_Classic-39 from 40'!N140&"-"&TEXT('14U_F_Classic-39 from 40'!B140,"h:mm am/pm") -> 14GX-098-bz_Group-2:30 PM | Y37: ='14U_F_Classic-39 from 40'!L157&"-"&'14U_F_Classic-39 from 40'!N157&"-"&TEXT('14U_F_Classic-39 from 40'!B157,"h:mm am/pm") -> 14GX-103-ag_Group-2:30 PM | Z37: 0.60416667 | AA37: ='14U_F_Champ'!L166&"-"&'14U_F_Champ'!N166&"-"&TEXT('14U_F_Champ'!B166,"h:mm am/pm") -> 14G-099-au_Group-2:30 PM | AB37: ='14U_F_Champ'!L147&"-"&'14U_F_Champ'!N147&"-"&TEXT('14U_F_Champ'!B147,"h:mm am/pm") -> 14G-098-pt_Group-2:30 PM | AC37: ='14U_F_Champ'!L128&"-"&'14U_F_Champ'!N128&"-"&TEXT('14U_F_Champ'!B128,"h:mm am/pm") -> 14G-097-pt_Group-2:30 PM | AD37: ='18U_F_Classic-44'!L135&"-"&'18U_F_Classic-44'!O135&"-"&TEXT('18U_F_Classic-44'!B135,"h:mm am/pm") -> 18GX-097-ag Group-2:30 PM | AE37: ='14U_F_Champ'!L185&"-"&'14U_F_Champ'!N185&"-"&TEXT('14U_F_Champ'!B185,"h:mm am/pm") -> 14G-100-au_Group-2:30 PM | AF37: ='16U_F_Classic-45'!L125&"-"&'16U_F_Classic-45'!N125&"-"&TEXT('16U_F_Classic-45'!B125,"h:mm am/pm") -> 16GX-100-bz_Group-2:30 PM | AG37: ='16U_F_Classic-45'!L178&"-"&'16U_F_Classic-45'!N178&"-"&TEXT('16U_F_Classic-45'!B178,"h:mm am/pm") -> 16GX-097-bz_Group-2:30 PM | AH37: ='16U_F_Classic-45'!L143&"-"&'16U_F_Classic-45'!N143&"-"&TEXT('16U_F_Classic-45'!B143,"h:mm am/pm") -> 16GX-103-ag_Group-2:30 PM | AI37: ='16U_F_Classic-45'!L159&"-"&'16U_F_Classic-45'!N159&"-"&TEXT('16U_F_Classic-45'!B159,"h:mm am/pm") -> 16GX-098-bz_Group-2:30 PM | AJ37: ='18U_F_Classic-44'!L192&"-"&'18U_F_Classic-44'!O192&"-"&TEXT('18U_F_Classic-44'!B192,"h:mm am/pm") -> 18GX-100-bz Group-2:30 PM | AL37: 0.60416667 | AM37: ='16U_F_Champ'!L146&"-"&'16U_F_Champ'!O146&"-"&TEXT('16U_F_Champ'!B146,"h:mm am/pm") -> 16G-098-pt_Group-2:30 PM | AO37: ='16U_F_Champ'!L165&"-"&'16U_F_Champ'!O165&"-"&TEXT('16U_F_Champ'!B165,"h:mm am/pm") -> 16G-099-au_Group-2:30 PM | AP37: ='16U_F_Champ'!L184&"-"&'16U_F_Champ'!O184&"-"&TEXT('16U_F_Champ'!B184,"h:mm am/pm") -> 16G-100-au_Group-2:30 PM | AQ37: ='18U_F_Classic-44'!L154&"-"&'18U_F_Classic-44'!O154&"-"&TEXT('18U_F_Classic-44'!B154,"h:mm am/pm") -> 18GX-098-ag Group-2:30 PM | AR37: ='18U_F_Classic-44'!L173&"-"&'18U_F_Classic-44'!O173&"-"&TEXT('18U_F_Classic-44'!B173,"h:mm am/pm") -> 18GX-099-bz Group-2:30 PM | AU37: 0.66666667 | AY37: ='18U_F_Champ'!L161&"-"&'18U_F_Champ'!N161&"-"&TEXT('18U_F_Champ'!B161,"h:mm am/pm") -> 18G-106-au_Group-4:00 PM | AZ37: ='18U_F_Champ'!L193&"-"&'18U_F_Champ'!N193&"-"&TEXT('18U_F_Champ'!B193,"h:mm am/pm") -> 18G-108-pt_Group-4:00 PM | BB37: ='18U_F_Champ'!L177&"-"&'18U_F_Champ'!N177&"-"&TEXT('18U_F_Champ'!B177,"h:mm am/pm") -> 18G-107-au_Group-4:00 PM
A38: 0.63888889 | B38: ='10U_Coed_Classic 22 from 23'!L73&"-"&'10U_Coed_Classic 22 from 23'!O73&"-"&TEXT('10U_Coed_Classic 22 from 23'!B73,"h:mm am/pm") -> 10CX-047-ag_Group-3:20 PM | E38: ='10U_Coed_Champ_36'!L100&"-"&'10U_Coed_Champ_36'!O100&"-"&TEXT('10U_Coed_Champ_36'!B100,"h:mm am/pm") -> 10C-078-pt_Group-3:20 PM | F38: ='10U_Coed_Champ_36'!L144&"-"&'10U_Coed_Champ_36'!O144&"-"&TEXT('10U_Coed_Champ_36'!B144,"h:mm am/pm") -> 10C-083-au_Group-3:20 PM | G38: ='10U_Coed_Champ_36'!L119&"-"&'10U_Coed_Champ_36'!O119&"-"&TEXT('10U_Coed_Champ_36'!B119,"h:mm am/pm") -> 10C-079-pt_Group-3:20 PM | J38: 0.63888889 | K38: ='12U_Coed_Champ-45'!L144&"-"&'12U_Coed_Champ-45'!N144&"-"&TEXT('12U_Coed_Champ-45'!B144,"h:mm am/pm") -> 12C-107-au_Group-3:20 PM | L38: ='12U_Coed_Champ-45'!L126&"-"&'12U_Coed_Champ-45'!N126&"-"&TEXT('12U_Coed_Champ-45'!B126,"h:mm am/pm") -> 12C-104-pt_Group-3:20 PM | M38: ='12U_Coed_Champ-45'!L163&"-"&'12U_Coed_Champ-45'!N163&"-"&TEXT('12U_Coed_Champ-45'!B163,"h:mm am/pm") -> 12C-102-pt_Group-3:20 PM | N38: ='12U_Coed_Champ-45'!L182&"-"&'12U_Coed_Champ-45'!N182&"-"&TEXT('12U_Coed_Champ-45'!B182,"h:mm am/pm") -> 12C-101-pt_Group-3:20 PM | O38: 0.63888889 | P38: ='12U_F_Champ-52'!L198&"-"&'12U_F_Champ-52'!N198&"-"&TEXT('12U_F_Champ-52'!B198,"h:mm am/pm") -> 12G-97A-au_3rd/4thR-3:20 PM | Q38: ='14U_F_Classic-39 from 40'!L124&"-"&'14U_F_Classic-39 from 40'!N124&"-"&TEXT('14U_F_Classic-39 from 40'!B124,"h:mm am/pm") -> 14GX-101-ag_Group-3:20 PM | R38: ='12U_F_Champ-52'!L166&"-"&'12U_F_Champ-52'!N166&"-"&TEXT('12U_F_Champ-52'!B166,"h:mm am/pm") -> 12G-095-pt_Group-3:20 PM | S38: ='12U_F_Champ-52'!L181&"-"&'12U_F_Champ-52'!N181&"-"&TEXT('12U_F_Champ-52'!B181,"h:mm am/pm") -> 12G-096-pt_Group-3:20 PM | T38: ='12U_F_Champ-52'!L216&"-"&'12U_F_Champ-52'!N216&"-"&TEXT('12U_F_Champ-52'!B216,"h:mm am/pm") -> 12G-098-au_1st/2ndT-3:20 PM | U38: 0.63888889 | V38: ='16U_F_Champ'!L128&"-"&'16U_F_Champ'!O128&"-"&TEXT('16U_F_Champ'!B128,"h:mm am/pm") -> 16G-101-pt_Group-3:20 PM | W38: ='14U_F_Classic-39 from 40'!L174&"-"&'14U_F_Classic-39 from 40'!N174&"-"&TEXT('14U_F_Classic-39 from 40'!B174,"h:mm am/pm") -> 14GX-104-ag_Group-3:20 PM | X38: ='14U_F_Classic-39 from 40'!L141&"-"&'14U_F_Classic-39 from 40'!N141&"-"&TEXT('14U_F_Classic-39 from 40'!B141,"h:mm am/pm") -> 14GX-102-ag_Group-3:20 PM | Z38: 0.63888889 | AA38: ='14U_F_Champ'!L167&"-"&'14U_F_Champ'!N167&"-"&TEXT('14U_F_Champ'!B167,"h:mm am/pm") -> 14G-103-au_Group-3:20 PM | AB38: ='14U_F_Champ'!L148&"-"&'14U_F_Champ'!N148&"-"&TEXT('14U_F_Champ'!B148,"h:mm am/pm") -> 14G-102-pt_Group-3:20 PM | AC38: ='14U_F_Champ'!L129&"-"&'14U_F_Champ'!N129&"-"&TEXT('14U_F_Champ'!B129,"h:mm am/pm") -> 14G-101-pt_Group-3:20 PM | AD38: ='18U_F_Classic-44'!L136&"-"&'18U_F_Classic-44'!O136&"-"&TEXT('18U_F_Classic-44'!B136,"h:mm am/pm") -> 18GX-101-ag Group-3:20 PM | AE38: ='14U_F_Champ'!L186&"-"&'14U_F_Champ'!N186&"-"&TEXT('14U_F_Champ'!B186,"h:mm am/pm") -> 14G-104-au_Group-3:20 PM | AF38: ='16U_F_Classic-45'!L126&"-"&'16U_F_Classic-45'!N126&"-"&TEXT('16U_F_Classic-45'!B126,"h:mm am/pm") -> 16GX-104-ag_Group-3:20 PM | AG38: ='16U_F_Classic-45'!L179&"-"&'16U_F_Classic-45'!N179&"-"&TEXT('16U_F_Classic-45'!B179,"h:mm am/pm") -> 16GX-101-ag_Group-3:20 PM | AH38: ='16U_F_Classic-45'!L144&"-"&'16U_F_Classic-45'!N144&"-"&TEXT('16U_F_Classic-45'!B144,"h:mm am/pm") -> 16GX-107-bz_Group-3:20 PM | AI38: ='16U_F_Classic-45'!L160&"-"&'16U_F_Classic-45'!N160&"-"&TEXT('16U_F_Classic-45'!B160,"h:mm am/pm") -> 16GX-102-ag_Group-3:20 PM | AJ38: ='18U_F_Classic-44'!L193&"-"&'18U_F_Classic-44'!O193&"-"&TEXT('18U_F_Classic-44'!B193,"h:mm am/pm") -> 18GX-104-bz Group-3:20 PM | AL38: 0.63888889 | AM38: ='16U_F_Champ'!L147&"-"&'16U_F_Champ'!O147&"-"&TEXT('16U_F_Champ'!B147,"h:mm am/pm") -> 16G-102-pt_Group-3:20 PM | AO38: ='16U_F_Champ'!L166&"-"&'16U_F_Champ'!O166&"-"&TEXT('16U_F_Champ'!B166,"h:mm am/pm") -> 16G-103-au_Group-3:20 PM | AP38: ='16U_F_Champ'!L185&"-"&'16U_F_Champ'!O185&"-"&TEXT('16U_F_Champ'!B185,"h:mm am/pm") -> 16G-104-au_Group-3:20 PM | AQ38: ='18U_F_Classic-44'!L155&"-"&'18U_F_Classic-44'!O155&"-"&TEXT('18U_F_Classic-44'!B155,"h:mm am/pm") -> 18GX-102-ag Group-3:20 PM | AR38: ='18U_F_Classic-44'!L174&"-"&'18U_F_Classic-44'!O174&"-"&TEXT('18U_F_Classic-44'!B174,"h:mm am/pm") -> 18GX-103-bz Group-3:20 PM | AU38: 0.70833333
A39: 0.67361111 | B39: ='10U_Coed_Classic 22 from 23'!L74&"-"&'10U_Coed_Classic 22 from 23'!O74&"-"&TEXT('10U_Coed_Classic 22 from 23'!B74,"h:mm am/pm") -> 10CX-049-ag_Group-4:10 PM | C39: ='10U_F_Champ-18 teams'!L67&"-"&'10U_F_Champ-18 teams'!N67&"-"&TEXT('10U_F_Champ-18 teams'!B67,"h:mm am/pm") -> 10G-109-pt_Play-in-4:10 PM | E39: ='10U_Coed_Champ_36'!L101&"-"&'10U_Coed_Champ_36'!O101&"-"&TEXT('10U_Coed_Champ_36'!B101,"h:mm am/pm") -> 10C-081-pt_Group-4:10 PM | F39: ='10U_Coed_Champ_36'!L145&"-"&'10U_Coed_Champ_36'!O145&"-"&TEXT('10U_Coed_Champ_36'!B145,"h:mm am/pm") -> 10C-084-au_Group-4:10 PM | G39: ='10U_Coed_Champ_36'!L120&"-"&'10U_Coed_Champ_36'!O120&"-"&TEXT('10U_Coed_Champ_36'!B120,"h:mm am/pm") -> 10C-082-pt_Group-4:10 PM | I39: ='10U_Coed_Classic 22 from 23'!L89&"-"&'10U_Coed_Classic 22 from 23'!O89&"-"&TEXT('10U_Coed_Classic 22 from 23'!B89,"h:mm am/pm") -> 10CX-050-bz_Group-4:10 PM | J39: 0.67361111 | L39: ='12U_Coed_Champ-45'!L127&"-"&'12U_Coed_Champ-45'!N127&"-"&TEXT('12U_Coed_Champ-45'!B127,"h:mm am/pm") -> 12C-108-au_Group-4:10 PM | M39: ='12U_Coed_Champ-45'!L164&"-"&'12U_Coed_Champ-45'!N164&"-"&TEXT('12U_Coed_Champ-45'!B164,"h:mm am/pm") -> 12C-106-au_Group-4:10 PM | N39: ='12U_Coed_Champ-45'!L183&"-"&'12U_Coed_Champ-45'!N183&"-"&TEXT('12U_Coed_Champ-45'!B183,"h:mm am/pm") -> 12C-105-au_Group-4:10 PM | O39: 0.67361111 | P39: ='12U_F_Champ-52'!L199&"-"&'12U_F_Champ-52'!N199&"-"&TEXT('12U_F_Champ-52'!B199,"h:mm am/pm") -> 12G-101-au_Group-4:10 PM | R39: ='12U_F_Champ-52'!L167&"-"&'12U_F_Champ-52'!N167&"-"&TEXT('12U_F_Champ-52'!B167,"h:mm am/pm") -> 12G-099-pt_Group-4:10 PM | S39: ='12U_F_Champ-52'!L182&"-"&'12U_F_Champ-52'!N182&"-"&TEXT('12U_F_Champ-52'!B182,"h:mm am/pm") -> 12G-100-pt_Group-4:10 PM | T39: ='12U_F_Champ-52'!L217&"-"&'12U_F_Champ-52'!N217&"-"&TEXT('12U_F_Champ-52'!B217,"h:mm am/pm") -> 12G-102-au_Group-4:10 PM | U39: 0.67361111 | V39: ='16U_F_Champ'!L129&"-"&'16U_F_Champ'!O129&"-"&TEXT('16U_F_Champ'!B129,"h:mm am/pm") -> 16G-105-pt_Group-4:10 PM | Z39: 0.67361111 | AA39: ='14U_F_Champ'!L168&"-"&'14U_F_Champ'!N168&"-"&TEXT('14U_F_Champ'!B168,"h:mm am/pm") -> 14G-107-au_Group-4:10 PM | AB39: ='14U_F_Champ'!L149&"-"&'14U_F_Champ'!N149&"-"&TEXT('14U_F_Champ'!B149,"h:mm am/pm") -> 14G-106-pt_Group-4:10 PM | AC39: ='14U_F_Champ'!L130&"-"&'14U_F_Champ'!N130&"-"&TEXT('14U_F_Champ'!B130,"h:mm am/pm") -> 14G-105-pt_Group-4:10 PM | AD39: ='18U_F_Classic-44'!L137&"-"&'18U_F_Classic-44'!O137&"-"&TEXT('18U_F_Classic-44'!B137,"h:mm am/pm") -> 18GX-105-ag Group-4:10 PM | AE39: ='14U_F_Champ'!L187&"-"&'14U_F_Champ'!N187&"-"&TEXT('14U_F_Champ'!B187,"h:mm am/pm") -> 14G-108-au_Group-4:10 PM | AF39: ='16U_F_Classic-45'!L127&"-"&'16U_F_Classic-45'!N127&"-"&TEXT('16U_F_Classic-45'!B127,"h:mm am/pm") -> 16GX-108-bz_Group-4:10 PM | AG39: ='16U_F_Classic-45'!L180&"-"&'16U_F_Classic-45'!N180&"-"&TEXT('16U_F_Classic-45'!B180,"h:mm am/pm") -> 16GX-105-bz_Group-4:10 PM | AH39: ='16U_F_Classic-45'!L145&"-"&'16U_F_Classic-45'!N145&"-"&TEXT('16U_F_Classic-45'!B145,"h:mm am/pm") -> 16GX-111-ag_play-in-4:10 PM | AI39: ='16U_F_Classic-45'!L161&"-"&'16U_F_Classic-45'!N161&"-"&TEXT('16U_F_Classic-45'!B161,"h:mm am/pm") -> 16GX-106-bz_Group-4:10 PM | AJ39: ='18U_F_Classic-44'!L194&"-"&'18U_F_Classic-44'!O194&"-"&TEXT('18U_F_Classic-44'!B194,"h:mm am/pm") -> 18GX-108-bz Group-4:10 PM | AL39: 0.67361111 | AM39: ='16U_F_Champ'!L148&"-"&'16U_F_Champ'!O148&"-"&TEXT('16U_F_Champ'!B148,"h:mm am/pm") -> 16G-106-pt_Group-4:10 PM | AO39: ='16U_F_Champ'!L167&"-"&'16U_F_Champ'!O167&"-"&TEXT('16U_F_Champ'!B167,"h:mm am/pm") -> 16G-107-au_Group-4:10 PM | AP39: ='16U_F_Champ'!L186&"-"&'16U_F_Champ'!O186&"-"&TEXT('16U_F_Champ'!B186,"h:mm am/pm") -> 16G-108-au_Group-4:10 PM | AQ39: ='18U_F_Classic-44'!L156&"-"&'18U_F_Classic-44'!O156&"-"&TEXT('18U_F_Classic-44'!B156,"h:mm am/pm") -> 18GX-106-ag Group-4:10 PM | AR39: ='18U_F_Classic-44'!L175&"-"&'18U_F_Classic-44'!O175&"-"&TEXT('18U_F_Classic-44'!B175,"h:mm am/pm") -> 18GX-107-bz Group-4:10 PM | AU39: 0.75 | AX39: ='18U_F_Champ'!L147&"-"&'18U_F_Champ'!N147&"-"&TEXT('18U_F_Champ'!B147,"h:mm am/pm") -> 18G-109-pt_Play-in-6:00 PM | AY39: ='18U_F_Champ'!L163&"-"&'18U_F_Champ'!N163&"-"&TEXT('18U_F_Champ'!B163,"h:mm am/pm") -> 18G-110-au_Play-in-6:00 PM | AZ39: ='18U_F_Champ'!L195&"-"&'18U_F_Champ'!N195&"-"&TEXT('18U_F_Champ'!B195,"h:mm am/pm") -> 18G-116-pt_Play-in-6:00 PM | BB39: ='18U_F_Champ'!L179&"-"&'18U_F_Champ'!N179&"-"&TEXT('18U_F_Champ'!B179,"h:mm am/pm") -> 18G-111-au_Play-in-6:00 PM
A40: 0.70833333 | B40: ='10U_Coed_Classic 22 from 23'!L75&"-"&'10U_Coed_Classic 22 from 23'!O75&"-"&TEXT('10U_Coed_Classic 22 from 23'!B75,"h:mm am/pm") -> 10CX-051-ag_Group-5:00 PM | C40: ='10U_F_Champ-18 teams'!L68&"-"&'10U_F_Champ-18 teams'!N68&"-"&TEXT('10U_F_Champ-18 teams'!B68,"h:mm am/pm") -> 10G-113-pt_Play-in-5:00 PM | D40: ='10U_F_Champ-18 teams'!L83&"-"&'10U_F_Champ-18 teams'!N83&"-"&TEXT('10U_F_Champ-18 teams'!B83,"h:mm am/pm") -> 10G-110-pt_Play-in-5:00 PM | J40: 0.70833333 | O40: 0.70833333 | P40: ='12U_F_Champ-52'!L200&"-"&'12U_F_Champ-52'!N200&"-"&TEXT('12U_F_Champ-52'!B200,"h:mm am/pm") -> 12G-105-au_Group-5:00 PM | R40: ='12U_F_Champ-52'!L168&"-"&'12U_F_Champ-52'!N168&"-"&TEXT('12U_F_Champ-52'!B168,"h:mm am/pm") -> 12G-103-pt_Group-5:00 PM | S40: ='12U_F_Champ-52'!L183&"-"&'12U_F_Champ-52'!N183&"-"&TEXT('12U_F_Champ-52'!B183,"h:mm am/pm") -> 12G-104-pt_Group-5:00 PM | U40: 0.70833333 | Y40: ='14U_F_Classic-39 from 40'!L160&"-"&'14U_F_Classic-39 from 40'!N160&"-"&TEXT('14U_F_Classic-39 from 40'!B160,"h:mm am/pm") -> 14GX-111-ag_play-in-5:00 PM | Z40: 0.70833333 | AH40: ='16U_F_Classic-45'!L146&"-"&'16U_F_Classic-45'!N146&"-"&TEXT('16U_F_Classic-45'!B146,"h:mm am/pm") -> 16GX-115-bz_play-in-5:00 PM | AL40: 0.70833333 | AU40: 0.79166667 | AX40: ='18U_F_Champ'!L148&"-"&'18U_F_Champ'!N148&"-"&TEXT('18U_F_Champ'!B148,"h:mm am/pm") -> 18G-113-pt_Play-in-7:00 PM | AY40: ='18U_F_Champ'!L164&"-"&'18U_F_Champ'!N164&"-"&TEXT('18U_F_Champ'!B164,"h:mm am/pm") -> 18G-114-au_Play-in-7:00 PM | AZ40: ='18U_F_Champ'!L196&"-"&'18U_F_Champ'!N196&"-"&TEXT('18U_F_Champ'!B196,"h:mm am/pm") -> 18G-112-pt_Play-in-7:00 PM | BB40: ='18U_F_Champ'!L180&"-"&'18U_F_Champ'!N180&"-"&TEXT('18U_F_Champ'!B180,"h:mm am/pm") -> 18G-115-au_Play-in-7:00 PM
A41: 0.74305556 | D41: ='10U_F_Champ-18 teams'!L84&"-"&'10U_F_Champ-18 teams'!N84&"-"&TEXT('10U_F_Champ-18 teams'!B84,"h:mm am/pm") -> 10G-114-pt_Play-in-5:50 PM | J41: 0.74305556 | L41: ='12U_Coed_Champ-45'!L129&"-"&'12U_Coed_Champ-45'!N129&"-"&TEXT('12U_Coed_Champ-45'!B129,"h:mm am/pm") -> 12C-112-pt_play-in-5:50 PM | M41: ='12U_Coed_Champ-45'!L166&"-"&'12U_Coed_Champ-45'!N166&"-"&TEXT('12U_Coed_Champ-45'!B166,"h:mm am/pm") -> 12C-110-pt_play-in-5:50 PM | N41: ='12U_Coed_Champ-45'!L185&"-"&'12U_Coed_Champ-45'!N185&"-"&TEXT('12U_Coed_Champ-45'!B185,"h:mm am/pm") -> 12C-109-pt_play-in-5:50 PM | O41: 0.74305556 | P41: ='12U_F_Champ-52'!L201&"-"&'12U_F_Champ-52'!N201&"-"&TEXT('12U_F_Champ-52'!B201,"h:mm am/pm") -> 12G-109-au_Group-5:50 PM | Q41: ='14U_F_Classic-39 from 40'!L127&"-"&'14U_F_Classic-39 from 40'!N127&"-"&TEXT('14U_F_Classic-39 from 40'!B127,"h:mm am/pm") -> 14GX-109-ag_play-in-5:50 PM | R41: ='12U_F_Champ-52'!L169&"-"&'12U_F_Champ-52'!N169&"-"&TEXT('12U_F_Champ-52'!B169,"h:mm am/pm") -> 12G-107-pt_Group-5:50 PM | S41: ='12U_F_Champ-52'!L184&"-"&'12U_F_Champ-52'!N184&"-"&TEXT('12U_F_Champ-52'!B184,"h:mm am/pm") -> 12G-108-pt_Group-5:50 PM | T41: ='12U_F_Champ-52'!L219&"-"&'12U_F_Champ-52'!N219&"-"&TEXT('12U_F_Champ-52'!B219,"h:mm am/pm") -> 12G-110-au_Group-5:50 PM | U41: 0.74305556 | W41: ='14U_F_Classic-39 from 40'!L177&"-"&'14U_F_Classic-39 from 40'!N177&"-"&TEXT('14U_F_Classic-39 from 40'!B177,"h:mm am/pm") -> 14GX-112-ag_play-in-5:50 PM | X41: ='14U_F_Classic-39 from 40'!L144&"-"&'14U_F_Classic-39 from 40'!N144&"-"&TEXT('14U_F_Classic-39 from 40'!B144,"h:mm am/pm") -> 14GX-110-ag_play-in-5:50 PM | Z41: 0.74305556 | AF41: ='16U_F_Classic-45'!L129&"-"&'16U_F_Classic-45'!N129&"-"&TEXT('16U_F_Classic-45'!B129,"h:mm am/pm") -> 16GX-112-ag_play-in-5:50 PM | AG41: ='16U_F_Classic-45'!L182&"-"&'16U_F_Classic-45'!N182&"-"&TEXT('16U_F_Classic-45'!B182,"h:mm am/pm") -> 16GX-109-ag_play-in-5:50 PM | AI41: ='16U_F_Classic-45'!L163&"-"&'16U_F_Classic-45'!N163&"-"&TEXT('16U_F_Classic-45'!B163,"h:mm am/pm") -> 16GX-110-ag_play-in-5:50 PM | AL41: 0.74305556 | AU41: 0.83333333
A42: 0.77777778 | E42: ='10U_Coed_Champ_36'!L104&"-"&'10U_Coed_Champ_36'!O104&"-"&TEXT('10U_Coed_Champ_36'!B104,"h:mm am/pm") -> 10C-085-pt_Play-in-6:40 PM | G42: ='10U_Coed_Champ_36'!L123&"-"&'10U_Coed_Champ_36'!O123&"-"&TEXT('10U_Coed_Champ_36'!B123,"h:mm am/pm") -> 10C-086-pt_Play-in-6:40 PM | J42: 0.77777778 | K42: ='12U_Coed_Champ-45'!L148&"-"&'12U_Coed_Champ-45'!N148&"-"&TEXT('12U_Coed_Champ-45'!B148,"h:mm am/pm") -> 12C-111-pt_play-in-6:40 PM | L42: ='12U_Coed_Champ-45'!L130&"-"&'12U_Coed_Champ-45'!N130&"-"&TEXT('12U_Coed_Champ-45'!B130,"h:mm am/pm") -> 12C-116-au_play-in-6:40 PM | M42: ='12U_Coed_Champ-45'!L167&"-"&'12U_Coed_Champ-45'!N167&"-"&TEXT('12U_Coed_Champ-45'!B167,"h:mm am/pm") -> 12C-114-au_play-in-6:40 PM | N42: ='12U_Coed_Champ-45'!L186&"-"&'12U_Coed_Champ-45'!N186&"-"&TEXT('12U_Coed_Champ-45'!B186,"h:mm am/pm") -> 12C-113-au_play-in-6:40 PM | O42: 0.77777778 | P42: ='12U_F_Champ-52'!L202&"-"&'12U_F_Champ-52'!N202&"-"&TEXT('12U_F_Champ-52'!B202,"h:mm am/pm") -> 12G-111-au_3rd/4thS-6:40 PM | T42: ='12U_F_Champ-52'!L220&"-"&'12U_F_Champ-52'!N220&"-"&TEXT('12U_F_Champ-52'!B220,"h:mm am/pm") -> 12G-112-au_3rd/4thT-6:40 PM | U42: 0.77777778 | V42: ='16U_F_Champ'!L132&"-"&'16U_F_Champ'!O132&"-"&TEXT('16U_F_Champ'!B132,"h:mm am/pm") -> 16G-109-pt_Play-in-6:40 PM | Z42: 0.77777778 | AA42: ='14U_F_Champ'!L171&"-"&'14U_F_Champ'!N171&"-"&TEXT('14U_F_Champ'!B171,"h:mm am/pm") -> 14G-111-au_Play-in-6:40 PM | AB42: ='14U_F_Champ'!L152&"-"&'14U_F_Champ'!N152&"-"&TEXT('14U_F_Champ'!B152,"h:mm am/pm") -> 14G-110-pt_Play-in-6:40 PM | AC42: ='14U_F_Champ'!L133&"-"&'14U_F_Champ'!N133&"-"&TEXT('14U_F_Champ'!B133,"h:mm am/pm") -> 14G-109-pt_Play-in-6:40 PM | AD42: ='18U_F_Classic-44'!L140&"-"&'18U_F_Classic-44'!O140&"-"&TEXT('18U_F_Classic-44'!B140,"h:mm am/pm") -> 18GX-109-ag Play-in-6:40 PM | AE42: ='14U_F_Champ'!L190&"-"&'14U_F_Champ'!N190&"-"&TEXT('14U_F_Champ'!B190,"h:mm am/pm") -> 14G-112-au_Play-in-6:40 PM | AF42: ='16U_F_Classic-45'!L130&"-"&'16U_F_Classic-45'!N130&"-"&TEXT('16U_F_Classic-45'!B130,"h:mm am/pm") -> 16GX-116-bz_play-in-6:40 PM | AG42: ='16U_F_Classic-45'!L183&"-"&'16U_F_Classic-45'!N183&"-"&TEXT('16U_F_Classic-45'!B183,"h:mm am/pm") -> 16GX-113-bz_play-in-6:40 PM | AI42: ='16U_F_Classic-45'!L164&"-"&'16U_F_Classic-45'!N164&"-"&TEXT('16U_F_Classic-45'!B164,"h:mm am/pm") -> 16GX-114-bz_play-in-6:40 PM | AJ42: ='18U_F_Classic-44'!L197&"-"&'18U_F_Classic-44'!O197&"-"&TEXT('18U_F_Classic-44'!B197,"h:mm am/pm") -> 18GX-112-bz Play-in-6:40 PM | AL42: 0.77777778 | AM42: ='16U_F_Champ'!L151&"-"&'16U_F_Champ'!O151&"-"&TEXT('16U_F_Champ'!B151,"h:mm am/pm") -> 16G-110-pt_Play-in-6:40 PM | AO42: ='16U_F_Champ'!L170&"-"&'16U_F_Champ'!O170&"-"&TEXT('16U_F_Champ'!B170,"h:mm am/pm") -> 16G-111-au_Play-in-6:40 PM | AP42: ='16U_F_Champ'!L189&"-"&'16U_F_Champ'!O189&"-"&TEXT('16U_F_Champ'!B189,"h:mm am/pm") -> 16G-112-au_Play-in-6:40 PM | AQ42: ='18U_F_Classic-44'!L159&"-"&'18U_F_Classic-44'!O159&"-"&TEXT('18U_F_Classic-44'!B159,"h:mm am/pm") -> 18GX-110-ag Play-in-6:40 PM | AR42: ='18U_F_Classic-44'!L178&"-"&'18U_F_Classic-44'!O178&"-"&TEXT('18U_F_Classic-44'!B178,"h:mm am/pm") -> 18GX-111-bz Play-in-6:40 PM
A43: 0.8125 | E43: ='10U_Coed_Champ_36'!L105&"-"&'10U_Coed_Champ_36'!O105&"-"&TEXT('10U_Coed_Champ_36'!B105,"h:mm am/pm") -> 10C-087-pt_Play-in-7:30 PM | G43: ='10U_Coed_Champ_36'!L124&"-"&'10U_Coed_Champ_36'!O124&"-"&TEXT('10U_Coed_Champ_36'!B124,"h:mm am/pm") -> 10C-088-pt_Play-in-7:30 PM | J43: 0.8125 | K43: ='12U_Coed_Champ-45'!L149&"-"&'12U_Coed_Champ-45'!N149&"-"&TEXT('12U_Coed_Champ-45'!B149,"h:mm am/pm") -> 12C-115-au_play-in-7:30 PM | M43: ='12U_Coed_Champ-45'!L168&"-"&'12U_Coed_Champ-45'!N168&"-"&TEXT('12U_Coed_Champ-45'!B168,"h:mm am/pm") -> 12C-083-au_play-in-7:30 PM | N43: ='12U_Coed_Champ-45'!L187&"-"&'12U_Coed_Champ-45'!N187&"-"&TEXT('12U_Coed_Champ-45'!B187,"h:mm am/pm") -> 12C-067-au_play-in-7:30 PM | O43: 0.8125 | U43: 0.8125 | V43: ='16U_F_Champ'!L133&"-"&'16U_F_Champ'!O133&"-"&TEXT('16U_F_Champ'!B133,"h:mm am/pm") -> 16G-113-pt_Play-in-7:30 PM | Z43: 0.8125 | AA43: ='14U_F_Champ'!L172&"-"&'14U_F_Champ'!N172&"-"&TEXT('14U_F_Champ'!B172,"h:mm am/pm") -> 14G-115-au_Play-in-7:30 PM | AB43: ='14U_F_Champ'!L153&"-"&'14U_F_Champ'!N153&"-"&TEXT('14U_F_Champ'!B153,"h:mm am/pm") -> 14G-114-pt_Play-in-7:30 PM | AC43: ='14U_F_Champ'!L134&"-"&'14U_F_Champ'!N134&"-"&TEXT('14U_F_Champ'!B134,"h:mm am/pm") -> 14G-113-pt_Play-in-7:30 PM | AD43: ='18U_F_Classic-44'!L141&"-"&'18U_F_Classic-44'!O141&"-"&TEXT('18U_F_Classic-44'!B141,"h:mm am/pm") -> 18GX-113-ag Play-in-7:30 PM | AE43: ='14U_F_Champ'!L191&"-"&'14U_F_Champ'!N191&"-"&TEXT('14U_F_Champ'!B191,"h:mm am/pm") -> 14G-116-au_Play-in-7:30 PM | AG43: ='16U_F_Classic-45'!L184&"-"&'16U_F_Classic-45'!N184&"-"&TEXT('16U_F_Classic-45'!B184,"h:mm am/pm") -> 16GX-067-bz_play-in-7:30 PM | AI43: ='16U_F_Classic-45'!L165&"-"&'16U_F_Classic-45'!N165&"-"&TEXT('16U_F_Classic-45'!B165,"h:mm am/pm") -> 16GX-083-bz_play-in-7:30 PM | AJ43: ='18U_F_Classic-44'!L198&"-"&'18U_F_Classic-44'!O198&"-"&TEXT('18U_F_Classic-44'!B198,"h:mm am/pm") -> 18GX-116-bz Play-in-7:30 PM | AL43: 0.8125 | AM43: ='16U_F_Champ'!L152&"-"&'16U_F_Champ'!O152&"-"&TEXT('16U_F_Champ'!B152,"h:mm am/pm") -> 16G-114-pt_Play-in-7:30 PM | AO43: ='16U_F_Champ'!L171&"-"&'16U_F_Champ'!O171&"-"&TEXT('16U_F_Champ'!B171,"h:mm am/pm") -> 16G-115-au_Play-in-7:30 PM | AP43: ='16U_F_Champ'!L190&"-"&'16U_F_Champ'!O190&"-"&TEXT('16U_F_Champ'!B190,"h:mm am/pm") -> 16G-116-au_Play-in-7:30 PM | AQ43: ='18U_F_Classic-44'!L160&"-"&'18U_F_Classic-44'!O160&"-"&TEXT('18U_F_Classic-44'!B160,"h:mm am/pm") -> 18GX-114-ag Play-in-7:30 PM | AR43: ='18U_F_Classic-44'!L179&"-"&'18U_F_Classic-44'!O179&"-"&TEXT('18U_F_Classic-44'!B179,"h:mm am/pm") -> 18GX-115-bz Play-in-7:30 PM
A44: 0.84722222 | J44: 0.84722222 | O44: 0.84722222 | U44: 0.84722222 | Z44: 0.84722222 | AL44: 0.84722222
Z49: for Marina
A50: MONDAY JULY 20 | H50: 9:40am start | J50: MONDAY JULY 20 | L50: NO 2pm-4pm | O50: MONDAY JULY 20 | U50: MONDAY JULY 20 | Z50: MONDAY JULY 20 | AF50: 7am start 5pm last game | AL50: MONDAY JULY 20 | AO50: 11am-4pm YMCA 7am start | AS50: 8am start | AU50: MONDAY JULY 20 | BA50: 9am start
B51: EL TORO HS 1 | C51: EL TORO HS 2 | D51: EL TORO HS 3 | E51: BECKMAN HS 2 | F51: SADDLEBACK COLLEGE 2 | G51: CAPISTRANO VALLEY HS 2 | H51: TUSTIN HS 2 | I51: OCEAN VIEW HS 2 | K51: GOLDEN WEST COLLEGE 2 | L51: LA HABRA HS | M51: PORTOLA HS 2 | N51: TRABUCO HILLS HS | P51: WOOLLETT FAR RIGHT | Q51: ALISO NIGUEL HS | R51: SAN CLEMENTE HS | S51: MISSION VIEJO HS | T51: LAGUNA HILLS HS | V51: UC IRVINE 1 | W51: BECKMAN HS 1 | X51: VILLA PARK HS | Y51: ORANGE HS | AA51: GARDEN GROVE HS | AB51: UC IRVINE 2 | AC51: SADDLEBACK COLLEGE 1 | AD51: BUENA PARK HS | AE51: OCEAN VIEW HS 1 | AF51: MARINA HS | AG51: GOLDEN WEST COLLEGE 1 | AH51: CAPISTRANO VALLEY HS 1 | AI51: PORTOLA HS 1 | AJ51: LA SERNA HS | AK51: LONG BEACH CC 2 | AM51: WOOLLETT NEAR RIGHT | AN51: LONG BEACH CC 1 | AO51: YORBA LINDA HS | AP51: FULLERTON HS | AQ51: EDISON HS | AR51: SONORA HS | AS51: SERVITE HS | AV51: SAN JUAN HILLS HS | AW51: EL MODENA HS | AX51: WOOLLETT NEAR LEFT | AY51: CHAPMAN UNIVERSITY | AZ51: WESTMINSTER HS | BA51: TUSTIN HS 1 | BB51: FULLERTON COLLEGE | BE51: =COUNTA(B51:BC51) -> 46
Z52: 0.29166667 | AF52: ='16U_F_Classic-45'!L224&"-"&'16U_F_Classic-45'!N224&"-"&TEXT('16U_F_Classic-45'!B224,"h:mm am/pm") -> 16GX-136-bz_bracket-7:00 AM | AL52: 0.29166667 | AO52: ='16U_F_Champ'!L246&"-"&'16U_F_Champ'!O246&"-"&TEXT('16U_F_Champ'!B246,"h:mm am/pm") -> 16G-128-au_13-20 qtr-7:00 AM
A53: 0.33333333 | B53: ='10U_Coed_Classic 22 from 23'!L111&"-"&'10U_Coed_Classic 22 from 23'!O111&"-"&TEXT('10U_Coed_Classic 22 from 23'!B111,"h:mm am/pm") -> 10CX-054-bz_Group-8:00 AM | C53: ='10U_Coed_Champ_36'!L151&"-"&'10U_Coed_Champ_36'!O151&"-"&TEXT('10U_Coed_Champ_36'!B151,"h:mm am/pm") -> 10C-089-pt_5-8 v 9-12-8:00 AM | D53: ='10U_Coed_Champ_36'!L166&"-"&'10U_Coed_Champ_36'!O166&"-"&TEXT('10U_Coed_Champ_36'!B166,"h:mm am/pm") -> 10C-090-pt_21-24 RR-8:00 AM | E53: ='10U_F_Champ-18 teams'!L96&"-"&'10U_F_Champ-18 teams'!N96&"-"&TEXT('10U_F_Champ-18 teams'!B96,"h:mm am/pm") -> 10G-121-pt_5-8 v 9-12-8:00 AM | G53: ='10U_Coed_Champ_36'!L181&"-"&'10U_Coed_Champ_36'!O181&"-"&TEXT('10U_Coed_Champ_36'!B181,"h:mm am/pm") -> 10C-091-au_5-8 v 9-12-8:00 AM | I53: ='10U_Coed_Classic 22 from 23'!L96&"-"&'10U_Coed_Classic 22 from 23'!O96&"-"&TEXT('10U_Coed_Classic 22 from 23'!B96,"h:mm am/pm") -> 10CX-053-ag_5-8 v 9-12-8:00 AM | J53: 0.33333333 | K53: ='12U_Coed_Champ-45'!L208&"-"&'12U_Coed_Champ-45'!N208&"-"&TEXT('12U_Coed_Champ-45'!B208,"h:mm am/pm") -> 12C-118-pt_21-24 RR-8:00 AM | L53: ='12U_Coed_Champ-45'!L241&"-"&'12U_Coed_Champ-45'!N241&"-"&TEXT('12U_Coed_Champ-45'!B241,"h:mm am/pm") -> 12C-135-au_bracket-8:00 AM | M53: ='12U_Coed_Champ-45'!L193&"-"&'12U_Coed_Champ-45'!N193&"-"&TEXT('12U_Coed_Champ-45'!B193,"h:mm am/pm") -> 12C-117-pt_21-24 RR-8:00 AM | N53: ='12U_Coed_Champ-45'!L227&"-"&'12U_Coed_Champ-45'!N227&"-"&TEXT('12U_Coed_Champ-45'!B227,"h:mm am/pm") -> 12C-136-au_bracket-8:00 AM | O53: 0.33333333 | Q53: ='12U_F_Champ-52'!L240&"-"&'12U_F_Champ-52'!N240&"-"&TEXT('12U_F_Champ-52'!B240,"h:mm am/pm") -> 12G-113-pt_1v6 QF-8:00 AM | R53: ='12U_F_Champ-52'!L257&"-"&'12U_F_Champ-52'!N257&"-"&TEXT('12U_F_Champ-52'!B257,"h:mm am/pm") -> 12G-114-pt_3v8 QF-8:00 AM | S53: ='12U_F_Champ-52'!L275&"-"&'12U_F_Champ-52'!N275&"-"&TEXT('12U_F_Champ-52'!B275,"h:mm am/pm") -> 12G-201-au_17-24 QF-8:00 AM | T53: ='12U_F_Champ-52'!L293&"-"&'12U_F_Champ-52'!N293&"-"&TEXT('12U_F_Champ-52'!B293,"h:mm am/pm") -> 12G-115-au_3v8 QF-8:00 AM | U53: 0.33333333 | V53: ='14U_F_Champ'!L197&"-"&'14U_F_Champ'!N197&"-"&TEXT('14U_F_Champ'!B197,"h:mm am/pm") -> 14G-117-pt_5-8 v 9-12-8:00 AM | W53: ='14U_F_Classic-39 from 40'!L216&"-"&'14U_F_Classic-39 from 40'!N216&"-"&TEXT('14U_F_Classic-39 from 40'!B216,"h:mm am/pm") -> 14GX-125-ag_5-8 v 9-12-8:00 AM | X53: ='14U_F_Classic-39 from 40'!L203&"-"&'14U_F_Classic-39 from 40'!N203&"-"&TEXT('14U_F_Classic-39 from 40'!B203,"h:mm am/pm") -> 14GX-121-ag_1-2 v 3-4-8:00 AM | Z53: 0.33333333 | AA53: ='14U_F_Classic-39 from 40'!L229&"-"&'14U_F_Classic-39 from 40'!N229&"-"&TEXT('14U_F_Classic-39 from 40'!B229,"h:mm am/pm") -> 14GX-126-ag_5-8 v 9-12-8:00 AM | AB53: ='14U_F_Champ'!L212&"-"&'14U_F_Champ'!N212&"-"&TEXT('14U_F_Champ'!B212,"h:mm am/pm") -> 14G-118-pt_21-24 RR-8:00 AM | AD53: ='14U_F_Classic-39 from 40'!L190&"-"&'14U_F_Classic-39 from 40'!N190&"-"&TEXT('14U_F_Classic-39 from 40'!B190,"h:mm am/pm") -> 14GX-122-ag_1-2 v 3-4-8:00 AM | AE53: ='18U_F_Classic-44'!L249&"-"&'18U_F_Classic-44'!O249&"-"&TEXT('18U_F_Classic-44'!B249,"h:mm am/pm") -> 18GX-128-bz 13-20 qtr-8:00 AM | AF53: ='16U_F_Classic-45'!L225&"-"&'16U_F_Classic-45'!N225&"-"&TEXT('16U_F_Classic-45'!B225,"h:mm am/pm") -> 16GX-128-bz_5-8 v 9-12-8:00 AM | AG53: ='16U_F_Classic-45'!L205&"-"&'16U_F_Classic-45'!N205&"-"&TEXT('16U_F_Classic-45'!B205,"h:mm am/pm") -> 16GX-118-ag_21-24 RR-8:00 AM | AH53: ='16U_F_Classic-45'!L238&"-"&'16U_F_Classic-45'!N238&"-"&TEXT('16U_F_Classic-45'!B238,"h:mm am/pm") -> 16GX-135-bz_bracket-8:00 AM | AI53: ='16U_F_Classic-45'!L190&"-"&'16U_F_Classic-45'!N190&"-"&TEXT('16U_F_Classic-45'!B190,"h:mm am/pm") -> 16GX-117-ag_21-24 RR-8:00 AM | AJ53: ='14U_F_Champ'!L227&"-"&'14U_F_Champ'!N227&"-"&TEXT('14U_F_Champ'!B227,"h:mm am/pm") -> 14G-119-au_5-8 v 9-12-8:00 AM | AK53: ='14U_F_Champ'!L242&"-"&'14U_F_Champ'!N242&"-"&TEXT('14U_F_Champ'!B242,"h:mm am/pm") -> 14G-120-au_21-24 RR-8:00 AM | AL53: 0.33333333 | AN53: ='16U_F_Champ'!L196&"-"&'16U_F_Champ'!O196&"-"&TEXT('16U_F_Champ'!B196,"h:mm am/pm") -> 16G-117-pt_5-8 v 9-12-8:00 AM | AO53: ='16U_F_Champ'!L247&"-"&'16U_F_Champ'!O247&"-"&TEXT('16U_F_Champ'!B247,"h:mm am/pm") -> 16G-132-au_13-20 qtr-8:00 AM | AP53: ='18U_F_Classic-44'!L219&"-"&'18U_F_Classic-44'!O219&"-"&TEXT('18U_F_Classic-44'!B219,"h:mm am/pm") -> 18GX-118-ag 21-24 RR-8:00 AM | AR53: ='18U_F_Classic-44'!L234&"-"&'18U_F_Classic-44'!O234&"-"&TEXT('18U_F_Classic-44'!B234,"h:mm am/pm") -> 18GX-119-bz 5-8 v 9-12-8:00 AM | AS53: ='18U_F_Classic-44'!L204&"-"&'18U_F_Classic-44'!O204&"-"&TEXT('18U_F_Classic-44'!B204,"h:mm am/pm") -> 18GX-117-ag 5-8 v 9-12-8:00 AM | AU53: 0.33333333 | AV53: ='16U_F_Champ'!L211&"-"&'16U_F_Champ'!O211&"-"&TEXT('16U_F_Champ'!B211,"h:mm am/pm") -> 16G-118-pt_21-24 RR-8:00 AM | AW53: ='16U_F_Champ'!L226&"-"&'16U_F_Champ'!O226&"-"&TEXT('16U_F_Champ'!B226,"h:mm am/pm") -> 16G-119-au_5-8 v 9-12-8:00 AM | AY53: ='18U_F_Champ'!L202&"-"&'18U_F_Champ'!N202&"-"&TEXT('18U_F_Champ'!B202,"h:mm am/pm") -> 18G-117-pt_5-8 v 9-12-8:00 AM | AZ53: ='18U_F_Champ'!L217&"-"&'18U_F_Champ'!N217&"-"&TEXT('18U_F_Champ'!B217,"h:mm am/pm") -> 18G-118-pt_21-24 RR-8:00 AM | BB53: ='18U_F_Champ'!L232&"-"&'18U_F_Champ'!N232&"-"&TEXT('18U_F_Champ'!B232,"h:mm am/pm") -> 18G-119-au_5-8 v 9-12-8:00 AM
A54: 0.36805556 | B54: ='10U_Coed_Classic 22 from 23'!L112&"-"&'10U_Coed_Classic 22 from 23'!O112&"-"&TEXT('10U_Coed_Classic 22 from 23'!B112,"h:mm am/pm") -> 10CX-056-bz_Group-8:50 AM | C54: ='10U_Coed_Champ_36'!L152&"-"&'10U_Coed_Champ_36'!O152&"-"&TEXT('10U_Coed_Champ_36'!B152,"h:mm am/pm") -> 10C-092-pt_5-8 v 9-12-8:50 AM | D54: ='10U_Coed_Champ_36'!L167&"-"&'10U_Coed_Champ_36'!O167&"-"&TEXT('10U_Coed_Champ_36'!B167,"h:mm am/pm") -> 10C-093-pt_21-24 RR-8:50 AM | E54: ='10U_F_Champ-18 teams'!L97&"-"&'10U_F_Champ-18 teams'!N97&"-"&TEXT('10U_F_Champ-18 teams'!B97,"h:mm am/pm") -> 10G-125-pt_5-8 v 9-12-8:50 AM | G54: ='10U_Coed_Champ_36'!L182&"-"&'10U_Coed_Champ_36'!O182&"-"&TEXT('10U_Coed_Champ_36'!B182,"h:mm am/pm") -> 10C-094-au_5-8 v 9-12-8:50 AM | I54: ='10U_Coed_Classic 22 from 23'!L97&"-"&'10U_Coed_Classic 22 from 23'!O97&"-"&TEXT('10U_Coed_Classic 22 from 23'!B97,"h:mm am/pm") -> 10CX-055-ag_5-8 v 9-12-8:50 AM | J54: 0.36805556 | K54: ='12U_Coed_Champ-45'!L209&"-"&'12U_Coed_Champ-45'!N209&"-"&TEXT('12U_Coed_Champ-45'!B209,"h:mm am/pm") -> 12C-122-pt_play to semi-8:50 AM | L54: ='12U_Coed_Champ-45'!L242&"-"&'12U_Coed_Champ-45'!N242&"-"&TEXT('12U_Coed_Champ-45'!B242,"h:mm am/pm") -> 12C-127-au_5-8 v 9-12-8:50 AM | M54: ='12U_Coed_Champ-45'!L194&"-"&'12U_Coed_Champ-45'!N194&"-"&TEXT('12U_Coed_Champ-45'!B194,"h:mm am/pm") -> 12C-121-pt_1-2 v 3-4-8:50 AM | N54: ='12U_Coed_Champ-45'!L228&"-"&'12U_Coed_Champ-45'!N228&"-"&TEXT('12U_Coed_Champ-45'!B228,"h:mm am/pm") -> 12C-128-au_5-8 v 9-12-8:50 AM | O54: 0.375 | Q54: ='12U_F_Champ-52'!L241&"-"&'12U_F_Champ-52'!N241&"-"&TEXT('12U_F_Champ-52'!B241,"h:mm am/pm") -> 12G-118-pt_2v5 QF-8:50 AM | R54: ='12U_F_Champ-52'!L258&"-"&'12U_F_Champ-52'!N258&"-"&TEXT('12U_F_Champ-52'!B258,"h:mm am/pm") -> 12G-119-pt_4v7 QF-8:50 AM | S54: ='12U_F_Champ-52'!L276&"-"&'12U_F_Champ-52'!N276&"-"&TEXT('12U_F_Champ-52'!B276,"h:mm am/pm") -> 12G-203-au_17-24 QF-8:50 AM | T54: ='12U_F_Champ-52'!L294&"-"&'12U_F_Champ-52'!N294&"-"&TEXT('12U_F_Champ-52'!B294,"h:mm am/pm") -> 12G-120-au_4v7 QF-8:50 AM | U54: 0.375 | V54: ='14U_F_Champ'!L198&"-"&'14U_F_Champ'!N198&"-"&TEXT('14U_F_Champ'!B198,"h:mm am/pm") -> 14G-121-pt_5-8 v 9-12-9:00 AM | W54: ='14U_F_Classic-39 from 40'!L217&"-"&'14U_F_Classic-39 from 40'!N217&"-"&TEXT('14U_F_Classic-39 from 40'!B217,"h:mm am/pm") -> 14GX-129-ag_5-8 v 9-12-9:00 AM | X54: ='14U_F_Classic-39 from 40'!L204&"-"&'14U_F_Classic-39 from 40'!N204&"-"&TEXT('14U_F_Classic-39 from 40'!B204,"h:mm am/pm") -> 14GX-131-bz_5-8 v 9-12-9:00 AM | Z54: 0.375 | AA54: ='14U_F_Classic-39 from 40'!L230&"-"&'14U_F_Classic-39 from 40'!N230&"-"&TEXT('14U_F_Classic-39 from 40'!B230,"h:mm am/pm") -> 14GX-130-ag_5-8 v 9-12-9:00 AM | AB54: ='14U_F_Champ'!L213&"-"&'14U_F_Champ'!N213&"-"&TEXT('14U_F_Champ'!B213,"h:mm am/pm") -> 14G-122-pt_21-24 RR-9:00 AM | AD54: ='14U_F_Classic-39 from 40'!L191&"-"&'14U_F_Classic-39 from 40'!N191&"-"&TEXT('14U_F_Classic-39 from 40'!B191,"h:mm am/pm") -> 14GX-119-bz_13-15 RR-9:00 AM | AE54: ='18U_F_Classic-44'!L250&"-"&'18U_F_Classic-44'!O250&"-"&TEXT('18U_F_Classic-44'!B250,"h:mm am/pm") -> 18GX-132-bz 13-20 qtr-9:00 AM | AF54: ='16U_F_Classic-45'!L226&"-"&'16U_F_Classic-45'!N226&"-"&TEXT('16U_F_Classic-45'!B226,"h:mm am/pm") -> 16GX-132-bz_5-8 v 9-12-9:00 AM | AG54: ='16U_F_Classic-45'!L206&"-"&'16U_F_Classic-45'!N206&"-"&TEXT('16U_F_Classic-45'!B206,"h:mm am/pm") -> 16GX-122-ag_play to semi-9:00 AM | AH54: ='16U_F_Classic-45'!L239&"-"&'16U_F_Classic-45'!N239&"-"&TEXT('16U_F_Classic-45'!B239,"h:mm am/pm") -> 16GX-127-bz_5-8 v 9-12-9:00 AM | AI54: ='16U_F_Classic-45'!L191&"-"&'16U_F_Classic-45'!N191&"-"&TEXT('16U_F_Classic-45'!B191,"h:mm am/pm") -> 16GX-121-ag_1-2 v 3-4-9:00 AM | AJ54: ='14U_F_Champ'!L228&"-"&'14U_F_Champ'!N228&"-"&TEXT('14U_F_Champ'!B228,"h:mm am/pm") -> 14G-123-au_5-8 v 9-12-9:00 AM | AK54: ='14U_F_Champ'!L243&"-"&'14U_F_Champ'!N243&"-"&TEXT('14U_F_Champ'!B243,"h:mm am/pm") -> 14G-124-au_21-24 RR-9:00 AM | AL54: 0.375 | AN54: ='16U_F_Champ'!L197&"-"&'16U_F_Champ'!O197&"-"&TEXT('16U_F_Champ'!B197,"h:mm am/pm") -> 16G-121-pt_5-8 v 9-12-9:00 AM | AO54: ='16U_F_Champ'!L248&"-"&'16U_F_Champ'!O248&"-"&TEXT('16U_F_Champ'!B248,"h:mm am/pm") -> 16G-136-au_13-20 qtr-9:00 AM | AP54: ='18U_F_Classic-44'!L220&"-"&'18U_F_Classic-44'!O220&"-"&TEXT('18U_F_Classic-44'!B220,"h:mm am/pm") -> 18GX-122-ag 21-24 RR-9:00 AM | AR54: ='18U_F_Classic-44'!L235&"-"&'18U_F_Classic-44'!O235&"-"&TEXT('18U_F_Classic-44'!B235,"h:mm am/pm") -> 18GX-123-bz 5-8 v 9-12-9:00 AM | AS54: ='18U_F_Classic-44'!L205&"-"&'18U_F_Classic-44'!O205&"-"&TEXT('18U_F_Classic-44'!B205,"h:mm am/pm") -> 18GX-121-ag 5-8 v 9-12-9:00 AM | AU54: 0.375 | AV54: ='16U_F_Champ'!L212&"-"&'16U_F_Champ'!O212&"-"&TEXT('16U_F_Champ'!B212,"h:mm am/pm") -> 16G-122-pt_21-24 RR-9:00 AM | AW54: ='16U_F_Champ'!L227&"-"&'16U_F_Champ'!O227&"-"&TEXT('16U_F_Champ'!B227,"h:mm am/pm") -> 16G-123-au_5-8 v 9-12-9:00 AM | AY54: ='18U_F_Champ'!L203&"-"&'18U_F_Champ'!N203&"-"&TEXT('18U_F_Champ'!B203,"h:mm am/pm") -> 18G-121-pt_5-8 v 9-12-9:00 AM | AZ54: ='18U_F_Champ'!L218&"-"&'18U_F_Champ'!N218&"-"&TEXT('18U_F_Champ'!B218,"h:mm am/pm") -> 18G-122-pt_21-24 RR-9:00 AM | BA54: ='18U_F_Champ'!L247&"-"&'18U_F_Champ'!N247&"-"&TEXT('18U_F_Champ'!B247,"h:mm am/pm") -> 18G-120-au_21-24 RR-9:00 AM | BB54: ='18U_F_Champ'!L233&"-"&'18U_F_Champ'!N233&"-"&TEXT('18U_F_Champ'!B233,"h:mm am/pm") -> 18G-123-au_5-8 v 9-12-9:00 AM
A55: 0.40277778 | C55: ='10U_Coed_Champ_36'!L153&"-"&'10U_Coed_Champ_36'!O153&"-"&TEXT('10U_Coed_Champ_36'!B153,"h:mm am/pm") -> 10C-095-pt_5-8 v 9-12-9:40 AM | D55: ='10U_Coed_Champ_36'!L168&"-"&'10U_Coed_Champ_36'!O168&"-"&TEXT('10U_Coed_Champ_36'!B168,"h:mm am/pm") -> 10C-096-pt_13-20 qtr-9:40 AM | E55: ='10U_F_Champ-18 teams'!L98&"-"&'10U_F_Champ-18 teams'!N98&"-"&TEXT('10U_F_Champ-18 teams'!B98,"h:mm am/pm") -> 10G-129-pt_5-8 v 9-12-9:40 AM | G55: ='10U_Coed_Champ_36'!L183&"-"&'10U_Coed_Champ_36'!O183&"-"&TEXT('10U_Coed_Champ_36'!B183,"h:mm am/pm") -> 10C-097-au_5-8 v 9-12-9:40 AM | H55: ='10U_F_Champ-18 teams'!L111&"-"&'10U_F_Champ-18 teams'!N111&"-"&TEXT('10U_F_Champ-18 teams'!B111,"h:mm am/pm") -> 10G-122-au_Group-9:40 AM | I55: ='10U_Coed_Classic 22 from 23'!L98&"-"&'10U_Coed_Classic 22 from 23'!O98&"-"&TEXT('10U_Coed_Classic 22 from 23'!B98,"h:mm am/pm") -> 10CX-057-ag_5-8 v 9-12-9:40 AM | J55: 0.40277778 | K55: ='12U_Coed_Champ-45'!L210&"-"&'12U_Coed_Champ-45'!N210&"-"&TEXT('12U_Coed_Champ-45'!B210,"h:mm am/pm") -> 12C-126-pt_5-8 v 9-12-9:40 AM | L55: ='12U_Coed_Champ-45'!L243&"-"&'12U_Coed_Champ-45'!N243&"-"&TEXT('12U_Coed_Champ-45'!B243,"h:mm am/pm") -> 12C-131-au_5-8 v 9-12-9:40 AM | M55: ='12U_Coed_Champ-45'!L195&"-"&'12U_Coed_Champ-45'!N195&"-"&TEXT('12U_Coed_Champ-45'!B195,"h:mm am/pm") -> 12C-125-pt_5-8 v 9-12-9:40 AM | N55: ='12U_Coed_Champ-45'!L229&"-"&'12U_Coed_Champ-45'!N229&"-"&TEXT('12U_Coed_Champ-45'!B229,"h:mm am/pm") -> 12C-132-au_5-8 v 9-12-9:40 AM | O55: 0.41666667 | Q55: ='12U_F_Champ-52'!L242&"-"&'12U_F_Champ-52'!N242&"-"&TEXT('12U_F_Champ-52'!B242,"h:mm am/pm") -> 12G-124-pt_9-16 QF-9:40 AM | R55: ='12U_F_Champ-52'!L259&"-"&'12U_F_Champ-52'!N259&"-"&TEXT('12U_F_Champ-52'!B259,"h:mm am/pm") -> 12G-123-pt_17th-24th-9:40 AM | S55: ='12U_F_Champ-52'!L277&"-"&'12U_F_Champ-52'!N277&"-"&TEXT('12U_F_Champ-52'!B277,"h:mm am/pm") -> 12G-202-au_17-24 QF-9:40 AM | T55: ='12U_F_Champ-52'!L295&"-"&'12U_F_Champ-52'!N295&"-"&TEXT('12U_F_Champ-52'!B295,"h:mm am/pm") -> 12G-116-au_1v6 QF-9:40 AM | U55: 0.41666667 | V55: ='14U_F_Champ'!L199&"-"&'14U_F_Champ'!N199&"-"&TEXT('14U_F_Champ'!B199,"h:mm am/pm") -> 14G-125-pt_5-8 v 9-12-10:00 AM | W55: ='14U_F_Classic-39 from 40'!L218&"-"&'14U_F_Classic-39 from 40'!N218&"-"&TEXT('14U_F_Classic-39 from 40'!B218,"h:mm am/pm") -> 14GX-133-ag_13-20 quarter-10:00 AM | X55: ='14U_F_Classic-39 from 40'!L205&"-"&'14U_F_Classic-39 from 40'!N205&"-"&TEXT('14U_F_Classic-39 from 40'!B205,"h:mm am/pm") -> 14GX-132-bz_5-8 v 9-12-10:00 AM | Z55: 0.41666667 | AA55: ='14U_F_Classic-39 from 40'!L231&"-"&'14U_F_Classic-39 from 40'!N231&"-"&TEXT('14U_F_Classic-39 from 40'!B231,"h:mm am/pm") -> 14GX-134-ag_13-20 quarter-10:00 AM | AB55: ='14U_F_Champ'!L214&"-"&'14U_F_Champ'!N214&"-"&TEXT('14U_F_Champ'!B214,"h:mm am/pm") -> 14G-126-pt_13-20 qtr-10:00 AM | AD55: ='14U_F_Classic-39 from 40'!L192&"-"&'14U_F_Classic-39 from 40'!N192&"-"&TEXT('14U_F_Classic-39 from 40'!B192,"h:mm am/pm") -> 14GX-127-bz_5-8 v 9-12-10:00 AM | AE55: ='18U_F_Classic-44'!L251&"-"&'18U_F_Classic-44'!O251&"-"&TEXT('18U_F_Classic-44'!B251,"h:mm am/pm") -> 18GX-136-bz 13-20 qtr-10:00 AM | AF55: ='16U_F_Classic-45'!L227&"-"&'16U_F_Classic-45'!N227&"-"&TEXT('16U_F_Classic-45'!B227,"h:mm am/pm") -> 16GX-120-bz_19-21 RR-10:00 AM | AG55: ='16U_F_Classic-45'!L207&"-"&'16U_F_Classic-45'!N207&"-"&TEXT('16U_F_Classic-45'!B207,"h:mm am/pm") -> 16GX-126-ag_5-8 v 9-12-10:00 AM | AH55: ='16U_F_Classic-45'!L240&"-"&'16U_F_Classic-45'!N240&"-"&TEXT('16U_F_Classic-45'!B240,"h:mm am/pm") -> 16GX-131-bz_5-8 v 9-12-10:00 AM | AI55: ='16U_F_Classic-45'!L192&"-"&'16U_F_Classic-45'!N192&"-"&TEXT('16U_F_Classic-45'!B192,"h:mm am/pm") -> 16GX-125-ag_5-8 v 9-12-10:00 AM | AJ55: ='14U_F_Champ'!L229&"-"&'14U_F_Champ'!N229&"-"&TEXT('14U_F_Champ'!B229,"h:mm am/pm") -> 14G-127-au_5-8 v 9-12-10:00 AM | AK55: ='14U_F_Champ'!L244&"-"&'14U_F_Champ'!N244&"-"&TEXT('14U_F_Champ'!B244,"h:mm am/pm") -> 14G-128-au_13-20 qtr-10:00 AM | AL55: 0.41666667 | AN55: ='16U_F_Champ'!L198&"-"&'16U_F_Champ'!O198&"-"&TEXT('16U_F_Champ'!B198,"h:mm am/pm") -> 16G-125-pt_5-8 v 9-12-10:00 AM | AO55: ='16U_F_Champ'!L249&"-"&'16U_F_Champ'!O249&"-"&TEXT('16U_F_Champ'!B249,"h:mm am/pm") -> 16G-140-au_13-20 qtr-10:00 AM | AP55: ='18U_F_Classic-44'!L221&"-"&'18U_F_Classic-44'!O221&"-"&TEXT('18U_F_Classic-44'!B221,"h:mm am/pm") -> 18GX-126-ag 13-20 qtr-10:00 AM | AR55: ='18U_F_Classic-44'!L236&"-"&'18U_F_Classic-44'!O236&"-"&TEXT('18U_F_Classic-44'!B236,"h:mm am/pm") -> 18GX-127-bz 5-8 v 9-12-10:00 AM | AS55: ='18U_F_Classic-44'!L206&"-"&'18U_F_Classic-44'!O206&"-"&TEXT('18U_F_Classic-44'!B206,"h:mm am/pm") -> 18GX-125-ag 5-8 v 9-12-10:00 AM | AU55: 0.41666667 | AV55: ='16U_F_Champ'!L213&"-"&'16U_F_Champ'!O213&"-"&TEXT('16U_F_Champ'!B213,"h:mm am/pm") -> 16G-126-pt_13-20 qtr-10:00 AM | AW55: ='16U_F_Champ'!L228&"-"&'16U_F_Champ'!O228&"-"&TEXT('16U_F_Champ'!B228,"h:mm am/pm") -> 16G-127-au_5-8 v 9-12-10:00 AM | AY55: ='18U_F_Champ'!L204&"-"&'18U_F_Champ'!N204&"-"&TEXT('18U_F_Champ'!B204,"h:mm am/pm") -> 18G-125-pt_5-8 v 9-12-10:00 AM | AZ55: ='18U_F_Champ'!L219&"-"&'18U_F_Champ'!N219&"-"&TEXT('18U_F_Champ'!B219,"h:mm am/pm") -> 18G-126-pt_13-20 qtr-10:00 AM | BA55: ='18U_F_Champ'!L248&"-"&'18U_F_Champ'!N248&"-"&TEXT('18U_F_Champ'!B248,"h:mm am/pm") -> 18G-124-au_21-24 RR-10:00 AM | BB55: ='18U_F_Champ'!L234&"-"&'18U_F_Champ'!N234&"-"&TEXT('18U_F_Champ'!B234,"h:mm am/pm") -> 18G-127-au_5-8 v 9-12-10:00 AM
A56: 0.4375 | B56: ='10U_Coed_Classic 22 from 23'!L114&"-"&'10U_Coed_Classic 22 from 23'!O114&"-"&TEXT('10U_Coed_Classic 22 from 23'!B114,"h:mm am/pm") -> 10CX-060-bz_Group-10:30 AM | C56: ='10U_Coed_Champ_36'!L154&"-"&'10U_Coed_Champ_36'!O154&"-"&TEXT('10U_Coed_Champ_36'!B154,"h:mm am/pm") -> 10C-098-pt_5-8 v 9-12-10:30 AM | D56: ='10U_Coed_Champ_36'!L169&"-"&'10U_Coed_Champ_36'!O169&"-"&TEXT('10U_Coed_Champ_36'!B169,"h:mm am/pm") -> 10C-099-pt_13-20 qtr-10:30 AM | E56: ='10U_F_Champ-18 teams'!L99&"-"&'10U_F_Champ-18 teams'!N99&"-"&TEXT('10U_F_Champ-18 teams'!B99,"h:mm am/pm") -> 10G-133-pt_5-8 v 9-12-10:30 AM | G56: ='10U_Coed_Champ_36'!L184&"-"&'10U_Coed_Champ_36'!O184&"-"&TEXT('10U_Coed_Champ_36'!B184,"h:mm am/pm") -> 10C-100-au_5-8 v 9-12-10:30 AM | H56: ='10U_F_Champ-18 teams'!L112&"-"&'10U_F_Champ-18 teams'!N112&"-"&TEXT('10U_F_Champ-18 teams'!B112,"h:mm am/pm") -> 10G-126-au_Group-10:30 AM | I56: ='10U_Coed_Classic 22 from 23'!L99&"-"&'10U_Coed_Classic 22 from 23'!O99&"-"&TEXT('10U_Coed_Classic 22 from 23'!B99,"h:mm am/pm") -> 10CX-059-ag_5-8 v 9-12-10:30 AM | J56: 0.4375 | K56: ='12U_Coed_Champ-45'!L211&"-"&'12U_Coed_Champ-45'!N211&"-"&TEXT('12U_Coed_Champ-45'!B211,"h:mm am/pm") -> 12C-130-pt_5-8 v 9-12-10:30 AM | M56: ='12U_Coed_Champ-45'!L196&"-"&'12U_Coed_Champ-45'!N196&"-"&TEXT('12U_Coed_Champ-45'!B196,"h:mm am/pm") -> 12C-129-pt_5-8 v 9-12-10:30 AM | N56: ='12U_Coed_Champ-45'!L230&"-"&'12U_Coed_Champ-45'!N230&"-"&TEXT('12U_Coed_Champ-45'!B230,"h:mm am/pm") -> 12C-120-au_19-21 RR-10:30 AM | O56: 0.45833333 | Q56: ='12U_F_Champ-52'!L243&"-"&'12U_F_Champ-52'!N243&"-"&TEXT('12U_F_Champ-52'!B243,"h:mm am/pm") -> 12G-127-pt_9-16 QF-10:30 AM | R56: ='12U_F_Champ-52'!L260&"-"&'12U_F_Champ-52'!N260&"-"&TEXT('12U_F_Champ-52'!B260,"h:mm am/pm") -> 12G-126-pt_17th-24th-10:30 AM | S56: ='12U_F_Champ-52'!L278&"-"&'12U_F_Champ-52'!N278&"-"&TEXT('12U_F_Champ-52'!B278,"h:mm am/pm") -> 12G-204-au_17-24 QF-10:30 AM | T56: ='12U_F_Champ-52'!L296&"-"&'12U_F_Champ-52'!N296&"-"&TEXT('12U_F_Champ-52'!B296,"h:mm am/pm") -> 12G-121-au_2v5 QF-10:30 AM | U56: 0.45833333 | V56: ='14U_F_Champ'!L200&"-"&'14U_F_Champ'!N200&"-"&TEXT('14U_F_Champ'!B200,"h:mm am/pm") -> 14G-129-pt_5-8 v 9-12-11:00 AM | W56: ='14U_F_Classic-39 from 40'!L219&"-"&'14U_F_Classic-39 from 40'!N219&"-"&TEXT('14U_F_Classic-39 from 40'!B219,"h:mm am/pm") -> 14GX-137-ag_13-20 quarter-11:00 AM | X56: ='14U_F_Classic-39 from 40'!L206&"-"&'14U_F_Classic-39 from 40'!N206&"-"&TEXT('14U_F_Classic-39 from 40'!B206,"h:mm am/pm") -> 14GX-118-ag_21-24 RR-11:00 AM | Z56: 0.45833333 | AA56: ='14U_F_Classic-39 from 40'!L232&"-"&'14U_F_Classic-39 from 40'!N232&"-"&TEXT('14U_F_Classic-39 from 40'!B232,"h:mm am/pm") -> 14GX-138-ag_13-20 quarter-11:00 AM | AB56: ='14U_F_Champ'!L215&"-"&'14U_F_Champ'!N215&"-"&TEXT('14U_F_Champ'!B215,"h:mm am/pm") -> 14G-130-pt_13-20 qtr-11:00 AM | AD56: ='14U_F_Classic-39 from 40'!L193&"-"&'14U_F_Classic-39 from 40'!N193&"-"&TEXT('14U_F_Classic-39 from 40'!B193,"h:mm am/pm") -> 14GX-128-bz_5-8 v 9-12-11:00 AM | AE56: ='18U_F_Classic-44'!L252&"-"&'18U_F_Classic-44'!O252&"-"&TEXT('18U_F_Classic-44'!B252,"h:mm am/pm") -> 18GX-140-bz 13-20 qtr-11:00 AM | AF56: ='16U_F_Classic-45'!L228&"-"&'16U_F_Classic-45'!N228&"-"&TEXT('16U_F_Classic-45'!B228,"h:mm am/pm") -> 16GX-124-bz_play to semi-11:00 AM | AG56: ='16U_F_Classic-45'!L208&"-"&'16U_F_Classic-45'!N208&"-"&TEXT('16U_F_Classic-45'!B208,"h:mm am/pm") -> 16GX-130-ag_5-8 v 9-12-11:00 AM | AI56: ='16U_F_Classic-45'!L193&"-"&'16U_F_Classic-45'!N193&"-"&TEXT('16U_F_Classic-45'!B193,"h:mm am/pm") -> 16GX-129-ag_5-8 v 9-12-11:00 AM | AJ56: ='14U_F_Champ'!L230&"-"&'14U_F_Champ'!N230&"-"&TEXT('14U_F_Champ'!B230,"h:mm am/pm") -> 14G-131-au_5-8 v 9-12-11:00 AM | AK56: ='14U_F_Champ'!L245&"-"&'14U_F_Champ'!N245&"-"&TEXT('14U_F_Champ'!B245,"h:mm am/pm") -> 14G-132-au_13-20 qtr-11:00 AM | AL56: 0.45833333 | AN56: ='16U_F_Champ'!L199&"-"&'16U_F_Champ'!O199&"-"&TEXT('16U_F_Champ'!B199,"h:mm am/pm") -> 16G-129-pt_5-8 v 9-12-11:00 AM | AP56: ='18U_F_Classic-44'!L222&"-"&'18U_F_Classic-44'!O222&"-"&TEXT('18U_F_Classic-44'!B222,"h:mm am/pm") -> 18GX-130-ag 13-20 qtr-11:00 AM | AR56: ='18U_F_Classic-44'!L237&"-"&'18U_F_Classic-44'!O237&"-"&TEXT('18U_F_Classic-44'!B237,"h:mm am/pm") -> 18GX-131-bz 5-8 v 9-12-11:00 AM | AS56: ='18U_F_Classic-44'!L207&"-"&'18U_F_Classic-44'!O207&"-"&TEXT('18U_F_Classic-44'!B207,"h:mm am/pm") -> 18GX-129-ag 5-8 v 9-12-11:00 AM | AU56: 0.45833333 | AV56: ='16U_F_Champ'!L214&"-"&'16U_F_Champ'!O214&"-"&TEXT('16U_F_Champ'!B214,"h:mm am/pm") -> 16G-130-pt_13-20 qtr-11:00 AM | AW56: ='16U_F_Champ'!L229&"-"&'16U_F_Champ'!O229&"-"&TEXT('16U_F_Champ'!B229,"h:mm am/pm") -> 16G-131-au_5-8 v 9-12-11:00 AM | AY56: ='18U_F_Champ'!L205&"-"&'18U_F_Champ'!N205&"-"&TEXT('18U_F_Champ'!B205,"h:mm am/pm") -> 18G-129-pt_5-8 v 9-12-11:00 AM | AZ56: ='18U_F_Champ'!L220&"-"&'18U_F_Champ'!N220&"-"&TEXT('18U_F_Champ'!B220,"h:mm am/pm") -> 18G-130-pt_13-20 qtr-11:00 AM | BA56: ='18U_F_Champ'!L249&"-"&'18U_F_Champ'!N249&"-"&TEXT('18U_F_Champ'!B249,"h:mm am/pm") -> 18G-128-au_13-20 qtr-11:00 AM | BB56: ='18U_F_Champ'!L235&"-"&'18U_F_Champ'!N235&"-"&TEXT('18U_F_Champ'!B235,"h:mm am/pm") -> 18G-131-au_5-8 v 9-12-11:00 AM
A57: 0.47222222 | B57: ='10U_Coed_Classic 22 from 23'!L115&"-"&'10U_Coed_Classic 22 from 23'!O115&"-"&TEXT('10U_Coed_Classic 22 from 23'!B115,"h:mm am/pm") -> 10CX-062-bz_Group-11:20 AM | C57: ='10U_Coed_Champ_36'!L155&"-"&'10U_Coed_Champ_36'!O155&"-"&TEXT('10U_Coed_Champ_36'!B155,"h:mm am/pm") -> 10C-101-pt_1-2 v 3-4-11:20 AM | D57: ='10U_Coed_Champ_36'!L170&"-"&'10U_Coed_Champ_36'!O170&"-"&TEXT('10U_Coed_Champ_36'!B170,"h:mm am/pm") -> 10C-102-pt_13-20 qtr-11:20 AM | E57: ='10U_F_Champ-18 teams'!L100&"-"&'10U_F_Champ-18 teams'!N100&"-"&TEXT('10U_F_Champ-18 teams'!B100,"h:mm am/pm") -> 10G-137-pt_1-2 v 3-4-11:20 AM | G57: ='10U_Coed_Champ_36'!L185&"-"&'10U_Coed_Champ_36'!O185&"-"&TEXT('10U_Coed_Champ_36'!B185,"h:mm am/pm") -> 10C-103-au_1-2 v 3-4-11:20 AM | I57: ='10U_Coed_Classic 22 from 23'!L100&"-"&'10U_Coed_Classic 22 from 23'!O100&"-"&TEXT('10U_Coed_Classic 22 from 23'!B100,"h:mm am/pm") -> 10CX-061-ag_1-2 v 3-4-11:20 AM | J57: 0.47222222 | K57: ='12U_Coed_Champ-45'!L212&"-"&'12U_Coed_Champ-45'!N212&"-"&TEXT('12U_Coed_Champ-45'!B212,"h:mm am/pm") -> 12C-134-pt_13-20 qtr-11:20 AM | L57: ='12U_Coed_Champ-45'!L245&"-"&'12U_Coed_Champ-45'!N245&"-"&TEXT('12U_Coed_Champ-45'!B245,"h:mm am/pm") -> 12C-123-au_play to semi-11:20 AM | M57: ='12U_Coed_Champ-45'!L197&"-"&'12U_Coed_Champ-45'!N197&"-"&TEXT('12U_Coed_Champ-45'!B197,"h:mm am/pm") -> 12C-133-pt_13-20 qtr-11:20 AM | N57: ='12U_Coed_Champ-45'!L231&"-"&'12U_Coed_Champ-45'!N231&"-"&TEXT('12U_Coed_Champ-45'!B231,"h:mm am/pm") -> 12C-124-au_play to semi-11:20 AM | O57: 0.5 | Q57: ='12U_F_Champ-52'!L244&"-"&'12U_F_Champ-52'!N244&"-"&TEXT('12U_F_Champ-52'!B244,"h:mm am/pm") -> 12G-133-pt_W to semi, L to play-in 1v4-11:20 AM | R57: ='12U_F_Champ-52'!L261&"-"&'12U_F_Champ-52'!N261&"-"&TEXT('12U_F_Champ-52'!B261,"h:mm am/pm") -> 12G-137-pt_17th-24th-11:20 AM | S57: ='12U_F_Champ-52'!L279&"-"&'12U_F_Champ-52'!N279&"-"&TEXT('12U_F_Champ-52'!B279,"h:mm am/pm") -> 12G-135-au_ 21-28 W1/W4-11:20 AM | T57: ='12U_F_Champ-52'!L297&"-"&'12U_F_Champ-52'!N297&"-"&TEXT('12U_F_Champ-52'!B297,"h:mm am/pm") -> 12G-132-au_21-28 V1/V4-11:20 AM | U57: 0.5 | V57: ='14U_F_Champ'!L201&"-"&'14U_F_Champ'!N201&"-"&TEXT('14U_F_Champ'!B201,"h:mm am/pm") -> 14G-133-pt_1-2 v 3-4-12:00 PM | W57: ='14U_F_Classic-39 from 40'!L220&"-"&'14U_F_Classic-39 from 40'!N220&"-"&TEXT('14U_F_Classic-39 from 40'!B220,"h:mm am/pm") -> 14GX-141-ag_21-24 RR-12:00 PM | X57: ='14U_F_Classic-39 from 40'!L207&"-"&'14U_F_Classic-39 from 40'!N207&"-"&TEXT('14U_F_Classic-39 from 40'!B207,"h:mm am/pm") -> 14GX-163-bz_play to semi-12:00 PM | Z57: 0.5 | AA57: ='14U_F_Classic-39 from 40'!L233&"-"&'14U_F_Classic-39 from 40'!N233&"-"&TEXT('14U_F_Classic-39 from 40'!B233,"h:mm am/pm") -> 14GX-142-ag_21-24 RR-12:00 PM | AB57: ='14U_F_Champ'!L216&"-"&'14U_F_Champ'!N216&"-"&TEXT('14U_F_Champ'!B216,"h:mm am/pm") -> 14G-134-pt_13-20 qtr-12:00 PM | AD57: ='14U_F_Classic-39 from 40'!L194&"-"&'14U_F_Classic-39 from 40'!N194&"-"&TEXT('14U_F_Classic-39 from 40'!B194,"h:mm am/pm") -> 14GX-117-ag_21-24 RR-12:00 PM | AE57: ='16U_F_Champ'!L241&"-"&'16U_F_Champ'!O241&"-"&TEXT('16U_F_Champ'!B241,"h:mm am/pm") -> 16G-120-au_21-24 RR-12:00 PM | AF57: ='16U_F_Classic-45'!L229&"-"&'16U_F_Classic-45'!N229&"-"&TEXT('16U_F_Classic-45'!B229,"h:mm am/pm") -> 16GX-140-bz_bracket-12:00 PM | AG57: ='16U_F_Classic-45'!L209&"-"&'16U_F_Classic-45'!N209&"-"&TEXT('16U_F_Classic-45'!B209,"h:mm am/pm") -> 16GX-134-ag_13-20 qtr-12:00 PM | AH57: ='16U_F_Classic-45'!L242&"-"&'16U_F_Classic-45'!N242&"-"&TEXT('16U_F_Classic-45'!B242,"h:mm am/pm") -> 16GX-123-bz_play to semi-12:00 PM | AI57: ='16U_F_Classic-45'!L194&"-"&'16U_F_Classic-45'!N194&"-"&TEXT('16U_F_Classic-45'!B194,"h:mm am/pm") -> 16GX-133-ag_13-20 qtr-12:00 PM | AJ57: ='14U_F_Champ'!L231&"-"&'14U_F_Champ'!N231&"-"&TEXT('14U_F_Champ'!B231,"h:mm am/pm") -> 14G-135-au_1-2 v 3-4-12:00 PM | AK57: ='14U_F_Champ'!L246&"-"&'14U_F_Champ'!N246&"-"&TEXT('14U_F_Champ'!B246,"h:mm am/pm") -> 14G-136-au_13-20 qtr-12:00 PM | AL57: 0.5 | AN57: ='16U_F_Champ'!L200&"-"&'16U_F_Champ'!O200&"-"&TEXT('16U_F_Champ'!B200,"h:mm am/pm") -> 16G-133-pt_1-2 v 3-4-12:00 PM | AP57: ='18U_F_Classic-44'!L223&"-"&'18U_F_Classic-44'!O223&"-"&TEXT('18U_F_Classic-44'!B223,"h:mm am/pm") -> 18GX-134-ag 13-20 qtr-12:00 PM | AR57: ='18U_F_Classic-44'!L238&"-"&'18U_F_Classic-44'!O238&"-"&TEXT('18U_F_Classic-44'!B238,"h:mm am/pm") -> 18GX-135-bz 1-2 v 3-4-12:00 PM | AS57: ='18U_F_Classic-44'!L208&"-"&'18U_F_Classic-44'!O208&"-"&TEXT('18U_F_Classic-44'!B208,"h:mm am/pm") -> 18GX-133-ag 1-2 v 3-4-12:00 PM | AU57: 0.5 | AV57: ='16U_F_Champ'!L215&"-"&'16U_F_Champ'!O215&"-"&TEXT('16U_F_Champ'!B215,"h:mm am/pm") -> 16G-134-pt_13-20 qtr-12:00 PM | AW57: ='16U_F_Champ'!L230&"-"&'16U_F_Champ'!O230&"-"&TEXT('16U_F_Champ'!B230,"h:mm am/pm") -> 16G-135-au_1-2 v 3-4-12:00 PM | AY57: ='18U_F_Champ'!L206&"-"&'18U_F_Champ'!N206&"-"&TEXT('18U_F_Champ'!B206,"h:mm am/pm") -> 18G-133-pt_1-2 v 3-4-12:00 PM | AZ57: ='18U_F_Champ'!L221&"-"&'18U_F_Champ'!N221&"-"&TEXT('18U_F_Champ'!B221,"h:mm am/pm") -> 18G-134-pt_13-20 qtr-12:00 PM | BA57: ='18U_F_Champ'!L250&"-"&'18U_F_Champ'!N250&"-"&TEXT('18U_F_Champ'!B250,"h:mm am/pm") -> 18G-132-au_13-20 qtr-12:00 PM | BB57: ='18U_F_Champ'!L236&"-"&'18U_F_Champ'!N236&"-"&TEXT('18U_F_Champ'!B236,"h:mm am/pm") -> 18G-135-au_1-2 v 3-4-12:00 PM
A58: 0.50694444 | B58: ='10U_Coed_Classic 22 from 23'!L116&"-"&'10U_Coed_Classic 22 from 23'!O116&"-"&TEXT('10U_Coed_Classic 22 from 23'!B116,"h:mm am/pm") -> 10CX-064-bz_Group-12:10 PM | C58: ='10U_Coed_Champ_36'!L156&"-"&'10U_Coed_Champ_36'!O156&"-"&TEXT('10U_Coed_Champ_36'!B156,"h:mm am/pm") -> 10C-104-pt_1-2 v 3-4-12:10 PM | D58: ='10U_Coed_Champ_36'!L171&"-"&'10U_Coed_Champ_36'!O171&"-"&TEXT('10U_Coed_Champ_36'!B171,"h:mm am/pm") -> 10C-105-pt_13-20 qtr-12:10 PM | E58: ='10U_F_Champ-18 teams'!L101&"-"&'10U_F_Champ-18 teams'!N101&"-"&TEXT('10U_F_Champ-18 teams'!B101,"h:mm am/pm") -> 10G-141-pt_1-2 v 3-4-12:10 PM | G58: ='10U_Coed_Champ_36'!L186&"-"&'10U_Coed_Champ_36'!O186&"-"&TEXT('10U_Coed_Champ_36'!B186,"h:mm am/pm") -> 10C-106-au_1-2 v 3-4-12:10 PM | H58: ='10U_F_Champ-18 teams'!L114&"-"&'10U_F_Champ-18 teams'!N114&"-"&TEXT('10U_F_Champ-18 teams'!B114,"h:mm am/pm") -> 10G-130-au_Group-12:10 PM | I58: ='10U_Coed_Classic 22 from 23'!L101&"-"&'10U_Coed_Classic 22 from 23'!O101&"-"&TEXT('10U_Coed_Classic 22 from 23'!B101,"h:mm am/pm") -> 10CX-063-ag_5-6 v 7-8-12:10 PM | J58: 0.50694444 | K58: ='12U_Coed_Champ-45'!L213&"-"&'12U_Coed_Champ-45'!N213&"-"&TEXT('12U_Coed_Champ-45'!B213,"h:mm am/pm") -> 12C-138-pt_13-20 qtr-12:10 PM | L58: ='12U_Coed_Champ-45'!L246&"-"&'12U_Coed_Champ-45'!N246&"-"&TEXT('12U_Coed_Champ-45'!B246,"h:mm am/pm") -> 12C-139-au_bracket-12:10 PM | M58: ='12U_Coed_Champ-45'!L198&"-"&'12U_Coed_Champ-45'!N198&"-"&TEXT('12U_Coed_Champ-45'!B198,"h:mm am/pm") -> 12C-137-pt_13-20 qtr-12:10 PM | N58: ='12U_Coed_Champ-45'!L232&"-"&'12U_Coed_Champ-45'!N232&"-"&TEXT('12U_Coed_Champ-45'!B232,"h:mm am/pm") -> 12C-140-au_bracket-12:10 PM | O58: 0.54166667 | Q58: ='12U_F_Champ-52'!L245&"-"&'12U_F_Champ-52'!N245&"-"&TEXT('12U_F_Champ-52'!B245,"h:mm am/pm") -> 12G-136-pt_W to semi, L to play-in 2v3-12:10 PM | R58: ='12U_F_Champ-52'!L262&"-"&'12U_F_Champ-52'!N262&"-"&TEXT('12U_F_Champ-52'!B262,"h:mm am/pm") -> 12G-140-pt_17th-24th-12:10 PM | S58: ='12U_F_Champ-52'!L280&"-"&'12U_F_Champ-52'!N280&"-"&TEXT('12U_F_Champ-52'!B280,"h:mm am/pm") -> 12G-147-au_21-28 W2/W3-12:10 PM | T58: ='12U_F_Champ-52'!L298&"-"&'12U_F_Champ-52'!N298&"-"&TEXT('12U_F_Champ-52'!B298,"h:mm am/pm") -> 12G-138-au_W to semi, L to play-in-12:10 PM | U58: 0.54166667 | V58: ='14U_F_Champ'!L202&"-"&'14U_F_Champ'!N202&"-"&TEXT('14U_F_Champ'!B202,"h:mm am/pm") -> 14G-137-pt_1-2 v 3-4-1:00 PM | W58: ='14U_F_Classic-39 from 40'!L221&"-"&'14U_F_Classic-39 from 40'!N221&"-"&TEXT('14U_F_Classic-39 from 40'!B221,"h:mm am/pm") -> 14GX-145-ag_5-6 vs 7-8-1:00 PM | X58: ='14U_F_Classic-39 from 40'!L208&"-"&'14U_F_Classic-39 from 40'!N208&"-"&TEXT('14U_F_Classic-39 from 40'!B208,"h:mm am/pm") -> 14GX-155-bz_13-15 RR-1:00 PM | Z58: 0.54166667 | AA58: ='14U_F_Classic-39 from 40'!L234&"-"&'14U_F_Classic-39 from 40'!N234&"-"&TEXT('14U_F_Classic-39 from 40'!B234,"h:mm am/pm") -> 14GX-146-ag_5-6 vs 7-8-1:00 PM | AB58: ='14U_F_Champ'!L217&"-"&'14U_F_Champ'!N217&"-"&TEXT('14U_F_Champ'!B217,"h:mm am/pm") -> 14G-138-pt_13-20 qtr-1:00 PM | AD58: ='14U_F_Classic-39 from 40'!L195&"-"&'14U_F_Classic-39 from 40'!N195&"-"&TEXT('14U_F_Classic-39 from 40'!B195,"h:mm am/pm") -> 14GX-123-bz_1-2 v 3-4-1:00 PM | AE58: ='16U_F_Champ'!L242&"-"&'16U_F_Champ'!O242&"-"&TEXT('16U_F_Champ'!B242,"h:mm am/pm") -> 16G-124-au_21-24 RR-1:00 PM | AF58: ='16U_F_Classic-45'!L230&"-"&'16U_F_Classic-45'!N230&"-"&TEXT('16U_F_Classic-45'!B230,"h:mm am/pm") -> 16GX-148-bz_1-2 v 3-4-1:00 PM | AG58: ='16U_F_Classic-45'!L210&"-"&'16U_F_Classic-45'!N210&"-"&TEXT('16U_F_Classic-45'!B210,"h:mm am/pm") -> 16GX-138-ag_13-20 qtr-1:00 PM | AH58: ='16U_F_Classic-45'!L243&"-"&'16U_F_Classic-45'!N243&"-"&TEXT('16U_F_Classic-45'!B243,"h:mm am/pm") -> 16GX-139-bz_bracket-1:00 PM | AI58: ='16U_F_Classic-45'!L195&"-"&'16U_F_Classic-45'!N195&"-"&TEXT('16U_F_Classic-45'!B195,"h:mm am/pm") -> 16GX-137-ag_13-20 qtr-1:00 PM | AJ58: ='14U_F_Champ'!L232&"-"&'14U_F_Champ'!N232&"-"&TEXT('14U_F_Champ'!B232,"h:mm am/pm") -> 14G-139-au_1-2 v 3-4-1:00 PM | AK58: ='14U_F_Champ'!L247&"-"&'14U_F_Champ'!N247&"-"&TEXT('14U_F_Champ'!B247,"h:mm am/pm") -> 14G-140-au_13-20 qtr-1:00 PM | AL58: 0.54166667 | AN58: ='16U_F_Champ'!L201&"-"&'16U_F_Champ'!O201&"-"&TEXT('16U_F_Champ'!B201,"h:mm am/pm") -> 16G-137-pt_1-2 v 3-4-1:00 PM | AP58: ='18U_F_Classic-44'!L224&"-"&'18U_F_Classic-44'!O224&"-"&TEXT('18U_F_Classic-44'!B224,"h:mm am/pm") -> 18GX-138-ag 13-20 qtr-1:00 PM | AR58: ='18U_F_Classic-44'!L239&"-"&'18U_F_Classic-44'!O239&"-"&TEXT('18U_F_Classic-44'!B239,"h:mm am/pm") -> 18GX-139-bz 1-2 v 3-4-1:00 PM | AS58: ='18U_F_Classic-44'!L209&"-"&'18U_F_Classic-44'!O209&"-"&TEXT('18U_F_Classic-44'!B209,"h:mm am/pm") -> 18GX-137-ag 1-2 v 3-4-1:00 PM | AU58: 0.54166667 | AV58: ='16U_F_Champ'!L216&"-"&'16U_F_Champ'!O216&"-"&TEXT('16U_F_Champ'!B216,"h:mm am/pm") -> 16G-138-pt_13-20 qtr-1:00 PM | AW58: ='16U_F_Champ'!L231&"-"&'16U_F_Champ'!O231&"-"&TEXT('16U_F_Champ'!B231,"h:mm am/pm") -> 16G-139-au_1-2 v 3-4-1:00 PM | AY58: ='18U_F_Champ'!L207&"-"&'18U_F_Champ'!N207&"-"&TEXT('18U_F_Champ'!B207,"h:mm am/pm") -> 18G-137-pt_1-2 v 3-4-1:00 PM | AZ58: ='18U_F_Champ'!L222&"-"&'18U_F_Champ'!N222&"-"&TEXT('18U_F_Champ'!B222,"h:mm am/pm") -> 18G-138-pt_13-20 qtr-1:00 PM | BA58: ='18U_F_Champ'!L251&"-"&'18U_F_Champ'!N251&"-"&TEXT('18U_F_Champ'!B251,"h:mm am/pm") -> 18G-136-au_13-20 qtr-1:00 PM | BB58: ='18U_F_Champ'!L237&"-"&'18U_F_Champ'!N237&"-"&TEXT('18U_F_Champ'!B237,"h:mm am/pm") -> 18G-139-au_1-2 v 3-4-1:00 PM
A59: 0.54166667 | B59: ='10U_Coed_Classic 22 from 23'!L117&"-"&'10U_Coed_Classic 22 from 23'!O117&"-"&TEXT('10U_Coed_Classic 22 from 23'!B117,"h:mm am/pm") -> 10CX-066-bz_Group-1:00 PM | C59: ='10U_Coed_Champ_36'!L157&"-"&'10U_Coed_Champ_36'!O157&"-"&TEXT('10U_Coed_Champ_36'!B157,"h:mm am/pm") -> 10C-107-pt_5-6 v 7-8-1:00 PM | D59: ='10U_Coed_Champ_36'!L172&"-"&'10U_Coed_Champ_36'!O172&"-"&TEXT('10U_Coed_Champ_36'!B172,"h:mm am/pm") -> 10C-108-pt_21-24 RR-1:00 PM | E59: ='10U_F_Champ-18 teams'!L102&"-"&'10U_F_Champ-18 teams'!N102&"-"&TEXT('10U_F_Champ-18 teams'!B102,"h:mm am/pm") -> 10G-145-pt_5-6 v 7-8-1:00 PM | G59: ='10U_Coed_Champ_36'!L187&"-"&'10U_Coed_Champ_36'!O187&"-"&TEXT('10U_Coed_Champ_36'!B187,"h:mm am/pm") -> 10C-109-au_5-6 v 7-8-1:00 PM | H59: ='10U_F_Champ-18 teams'!L115&"-"&'10U_F_Champ-18 teams'!N115&"-"&TEXT('10U_F_Champ-18 teams'!B115,"h:mm am/pm") -> 10G-134-au_Group-1:00 PM | I59: ='10U_Coed_Classic 22 from 23'!L102&"-"&'10U_Coed_Classic 22 from 23'!O102&"-"&TEXT('10U_Coed_Classic 22 from 23'!B102,"h:mm am/pm") -> 10CX-065-ag_1-2 v 3-4-1:00 PM | J59: 0.54166667 | K59: ='12U_Coed_Champ-45'!L214&"-"&'12U_Coed_Champ-45'!N214&"-"&TEXT('12U_Coed_Champ-45'!B214,"h:mm am/pm") -> 12C-142-pt_21-24 RR-1:00 PM | L59: ='12U_Coed_Champ-45'!L247&"-"&'12U_Coed_Champ-45'!N247&"-"&TEXT('12U_Coed_Champ-45'!B247,"h:mm am/pm") -> 12C-147-au_1-2 v 3-4-1:00 PM | M59: ='12U_Coed_Champ-45'!L199&"-"&'12U_Coed_Champ-45'!N199&"-"&TEXT('12U_Coed_Champ-45'!B199,"h:mm am/pm") -> 12C-141-pt_21-24 RR-1:00 PM | N59: ='12U_Coed_Champ-45'!L233&"-"&'12U_Coed_Champ-45'!N233&"-"&TEXT('12U_Coed_Champ-45'!B233,"h:mm am/pm") -> 12C-148-au_1-2 v 3-4-1:00 PM | O59: 0.58333333 | Q59: ='12U_F_Champ-52'!L246&"-"&'12U_F_Champ-52'!N246&"-"&TEXT('12U_F_Champ-52'!B246,"h:mm am/pm") -> 12G-139-pt_W to play-in-1:00 PM | R59: ='12U_F_Champ-52'!L263&"-"&'12U_F_Champ-52'!N263&"-"&TEXT('12U_F_Champ-52'!B263,"h:mm am/pm") -> 12G-117-pt_9-16 QF-1:00 PM | S59: ='12U_F_Champ-52'!L281&"-"&'12U_F_Champ-52'!N281&"-"&TEXT('12U_F_Champ-52'!B281,"h:mm am/pm") -> 12G-131-au_9-16 QF-1:00 PM | T59: ='12U_F_Champ-52'!L299&"-"&'12U_F_Champ-52'!N299&"-"&TEXT('12U_F_Champ-52'!B299,"h:mm am/pm") -> 12G-144-au_21-28 V2/V3-1:00 PM | U59: 0.58333333 | V59: ='14U_F_Champ'!L203&"-"&'14U_F_Champ'!N203&"-"&TEXT('14U_F_Champ'!B203,"h:mm am/pm") -> 14G-141-pt_5-6 v 7-8-2:00 PM | W59: ='14U_F_Classic-39 from 40'!L222&"-"&'14U_F_Classic-39 from 40'!N222&"-"&TEXT('14U_F_Classic-39 from 40'!B222,"h:mm am/pm") -> 14GX-149-ag_9-12 semi-2:00 PM | X59: ='14U_F_Classic-39 from 40'!L209&"-"&'14U_F_Classic-39 from 40'!N209&"-"&TEXT('14U_F_Classic-39 from 40'!B209,"h:mm am/pm") -> 14GX-148-bz_5-6 vs 7-8-2:00 PM | Z59: 0.58333333 | AA59: ='14U_F_Classic-39 from 40'!L235&"-"&'14U_F_Classic-39 from 40'!N235&"-"&TEXT('14U_F_Classic-39 from 40'!B235,"h:mm am/pm") -> 14GX-150-ag_9-12 semi-2:00 PM | AB59: ='14U_F_Champ'!L218&"-"&'14U_F_Champ'!N218&"-"&TEXT('14U_F_Champ'!B218,"h:mm am/pm") -> 14G-142-pt_21-24 RR-2:00 PM | AD59: ='14U_F_Classic-39 from 40'!L196&"-"&'14U_F_Classic-39 from 40'!N196&"-"&TEXT('14U_F_Classic-39 from 40'!B196,"h:mm am/pm") -> 14GX-124-bz_1-2 v 3-4-2:00 PM | AF59: ='16U_F_Classic-45'!L231&"-"&'16U_F_Classic-45'!N231&"-"&TEXT('16U_F_Classic-45'!B231,"h:mm am/pm") -> 16GX-144-bz_19-21 RR-2:00 PM | AG59: ='16U_F_Classic-45'!L211&"-"&'16U_F_Classic-45'!N211&"-"&TEXT('16U_F_Classic-45'!B211,"h:mm am/pm") -> 16GX-142-ag_21-24 RR-2:00 PM | AH59: ='16U_F_Classic-45'!L244&"-"&'16U_F_Classic-45'!N244&"-"&TEXT('16U_F_Classic-45'!B244,"h:mm am/pm") -> 16GX-147-bz_1-2 v 3-4-2:00 PM | AI59: ='16U_F_Classic-45'!L196&"-"&'16U_F_Classic-45'!N196&"-"&TEXT('16U_F_Classic-45'!B196,"h:mm am/pm") -> 16GX-141-ag_21-24 RR-2:00 PM | AJ59: ='14U_F_Champ'!L233&"-"&'14U_F_Champ'!N233&"-"&TEXT('14U_F_Champ'!B233,"h:mm am/pm") -> 14G-143-au_5-6 v 7-8-2:00 PM | AK59: ='14U_F_Champ'!L248&"-"&'14U_F_Champ'!N248&"-"&TEXT('14U_F_Champ'!B248,"h:mm am/pm") -> 14G-144-au_21-24 RR-2:00 PM | AL59: 0.58333333 | AN59: ='16U_F_Champ'!L202&"-"&'16U_F_Champ'!O202&"-"&TEXT('16U_F_Champ'!B202,"h:mm am/pm") -> 16G-141-pt_5-6 v 7-8-2:00 PM | AP59: ='18U_F_Classic-44'!L225&"-"&'18U_F_Classic-44'!O225&"-"&TEXT('18U_F_Classic-44'!B225,"h:mm am/pm") -> 18GX-142-ag 21-24 RR-2:00 PM | AQ59: ='18U_F_Classic-44'!L256&"-"&'18U_F_Classic-44'!O256&"-"&TEXT('18U_F_Classic-44'!B256,"h:mm am/pm") -> 18GX-152-bz 13-16 semi-2:00 PM | AR59: ='18U_F_Classic-44'!L240&"-"&'18U_F_Classic-44'!O240&"-"&TEXT('18U_F_Classic-44'!B240,"h:mm am/pm") -> 18GX-143-bz 5-6 v 7-8-2:00 PM | AS59: ='18U_F_Classic-44'!L210&"-"&'18U_F_Classic-44'!O210&"-"&TEXT('18U_F_Classic-44'!B210,"h:mm am/pm") -> 18GX-141-ag 5-6 v 7-8-2:00 PM | AU59: 0.58333333 | AV59: ='16U_F_Champ'!L217&"-"&'16U_F_Champ'!O217&"-"&TEXT('16U_F_Champ'!B217,"h:mm am/pm") -> 16G-142-pt_21-24 RR-2:00 PM | AW59: ='16U_F_Champ'!L232&"-"&'16U_F_Champ'!O232&"-"&TEXT('16U_F_Champ'!B232,"h:mm am/pm") -> 16G-143-au_5-6 v 7-8-2:00 PM | AY59: ='18U_F_Champ'!L208&"-"&'18U_F_Champ'!N208&"-"&TEXT('18U_F_Champ'!B208,"h:mm am/pm") -> 18G-141-pt_5-6 v 7-8-2:00 PM | AZ59: ='18U_F_Champ'!L223&"-"&'18U_F_Champ'!N223&"-"&TEXT('18U_F_Champ'!B223,"h:mm am/pm") -> 18G-142-pt_21-24 RR-2:00 PM | BA59: ='18U_F_Champ'!L252&"-"&'18U_F_Champ'!N252&"-"&TEXT('18U_F_Champ'!B252,"h:mm am/pm") -> 18G-140-au_13-20 qtr-2:00 PM | BB59: ='18U_F_Champ'!L238&"-"&'18U_F_Champ'!N238&"-"&TEXT('18U_F_Champ'!B238,"h:mm am/pm") -> 18G-143-au_5-6 v 7-8-2:00 PM
A60: 0.57638889 | C60: ='10U_Coed_Champ_36'!L158&"-"&'10U_Coed_Champ_36'!O158&"-"&TEXT('10U_Coed_Champ_36'!B158,"h:mm am/pm") -> 10C-110-pt_5-6 v 7-8-1:50 PM | D60: ='10U_Coed_Champ_36'!L173&"-"&'10U_Coed_Champ_36'!O173&"-"&TEXT('10U_Coed_Champ_36'!B173,"h:mm am/pm") -> 10C-111-pt_21-24 RR-1:50 PM | E60: ='10U_F_Champ-18 teams'!L103&"-"&'10U_F_Champ-18 teams'!N103&"-"&TEXT('10U_F_Champ-18 teams'!B103,"h:mm am/pm") -> 10G-149-pt_5-6 v 7-8-1:50 PM | G60: ='10U_Coed_Champ_36'!L188&"-"&'10U_Coed_Champ_36'!O188&"-"&TEXT('10U_Coed_Champ_36'!B188,"h:mm am/pm") -> 10C-112-au_5-6 v 7-8-1:50 PM | I60: ='10U_Coed_Classic 22 from 23'!L103&"-"&'10U_Coed_Classic 22 from 23'!O103&"-"&TEXT('10U_Coed_Classic 22 from 23'!B103,"h:mm am/pm") -> 10CX-067-ag_5-6 v 7-8-1:50 PM | J60: 0.57638889 | K60: ='12U_Coed_Champ-45'!L215&"-"&'12U_Coed_Champ-45'!N215&"-"&TEXT('12U_Coed_Champ-45'!B215,"h:mm am/pm") -> 12C-146-pt_5-6 v 7-8-1:50 PM | M60: ='12U_Coed_Champ-45'!L200&"-"&'12U_Coed_Champ-45'!N200&"-"&TEXT('12U_Coed_Champ-45'!B200,"h:mm am/pm") -> 12C-145-pt_5-6 v 7-8-1:50 PM | N60: ='12U_Coed_Champ-45'!L234&"-"&'12U_Coed_Champ-45'!N234&"-"&TEXT('12U_Coed_Champ-45'!B234,"h:mm am/pm") -> 12C-144-au_19-21 RR-1:50 PM | O60: 0.625 | Q60: ='12U_F_Champ-52'!L247&"-"&'12U_F_Champ-52'!N247&"-"&TEXT('12U_F_Champ-52'!B247,"h:mm am/pm") -> 12G-142-pt_W to play-in-1:50 PM | R60: ='12U_F_Champ-52'!L264&"-"&'12U_F_Champ-52'!N264&"-"&TEXT('12U_F_Champ-52'!B264,"h:mm am/pm") -> 12G-122-pt_9-16 QF-1:50 PM | S60: ='12U_F_Champ-52'!L282&"-"&'12U_F_Champ-52'!N282&"-"&TEXT('12U_F_Champ-52'!B282,"h:mm am/pm") -> 12G-134-au_9-16 QF-1:50 PM | T60: ='12U_F_Champ-52'!L300&"-"&'12U_F_Champ-52'!N300&"-"&TEXT('12U_F_Champ-52'!B300,"h:mm am/pm") -> 12G-141-au_W to semi, L to play-in-1:50 PM | U60: 0.625 | V60: ='14U_F_Champ'!L204&"-"&'14U_F_Champ'!N204&"-"&TEXT('14U_F_Champ'!B204,"h:mm am/pm") -> 14G-145-pt_5-6 v 7-8-3:00 PM | W60: ='14U_F_Classic-39 from 40'!L223&"-"&'14U_F_Classic-39 from 40'!N223&"-"&TEXT('14U_F_Classic-39 from 40'!B223,"h:mm am/pm") -> 14GX-153-ag_13-16 semi-3:00 PM | X60: ='14U_F_Classic-39 from 40'!L210&"-"&'14U_F_Classic-39 from 40'!N210&"-"&TEXT('14U_F_Classic-39 from 40'!B210,"h:mm am/pm") -> 14GX-152-bz_9-12 semi-3:00 PM | Z60: 0.625 | AA60: ='14U_F_Classic-39 from 40'!L236&"-"&'14U_F_Classic-39 from 40'!N236&"-"&TEXT('14U_F_Classic-39 from 40'!B236,"h:mm am/pm") -> 14GX-154-ag_13-16 semi-3:00 PM | AB60: ='14U_F_Champ'!L219&"-"&'14U_F_Champ'!N219&"-"&TEXT('14U_F_Champ'!B219,"h:mm am/pm") -> 14G-146-pt_21-24 RR-3:00 PM | AD60: ='14U_F_Classic-39 from 40'!L197&"-"&'14U_F_Classic-39 from 40'!N197&"-"&TEXT('14U_F_Classic-39 from 40'!B197,"h:mm am/pm") -> 14GX-147-bz_5-6 vs 7-8-3:00 PM | AF60: ='16U_F_Classic-45'!L232&"-"&'16U_F_Classic-45'!N232&"-"&TEXT('16U_F_Classic-45'!B232,"h:mm am/pm") -> 16GX-152-bz_9-12 semi-3:00 PM | AG60: ='16U_F_Classic-45'!L212&"-"&'16U_F_Classic-45'!N212&"-"&TEXT('16U_F_Classic-45'!B212,"h:mm am/pm") -> 16GX-146-ag_5-6 v 7-8-3:00 PM | AI60: ='16U_F_Classic-45'!L197&"-"&'16U_F_Classic-45'!N197&"-"&TEXT('16U_F_Classic-45'!B197,"h:mm am/pm") -> 16GX-145-ag_5-6 v 7-8-3:00 PM | AJ60: ='14U_F_Champ'!L234&"-"&'14U_F_Champ'!N234&"-"&TEXT('14U_F_Champ'!B234,"h:mm am/pm") -> 14G-147-au_5-6 v 7-8-3:00 PM | AK60: ='14U_F_Champ'!L249&"-"&'14U_F_Champ'!N249&"-"&TEXT('14U_F_Champ'!B249,"h:mm am/pm") -> 14G-148-au_21-24 RR-3:00 PM | AL60: 0.625 | AN60: ='16U_F_Champ'!L203&"-"&'16U_F_Champ'!O203&"-"&TEXT('16U_F_Champ'!B203,"h:mm am/pm") -> 16G-145-pt_5-6 v 7-8-3:00 PM | AP60: ='18U_F_Classic-44'!L226&"-"&'18U_F_Classic-44'!O226&"-"&TEXT('18U_F_Classic-44'!B226,"h:mm am/pm") -> 18GX-146-ag 21-24 RR-3:00 PM | AQ60: ='18U_F_Classic-44'!L257&"-"&'18U_F_Classic-44'!O257&"-"&TEXT('18U_F_Classic-44'!B257,"h:mm am/pm") -> 18GX-156-bz 17-20 semi-3:00 PM | AR60: ='18U_F_Classic-44'!L241&"-"&'18U_F_Classic-44'!O241&"-"&TEXT('18U_F_Classic-44'!B241,"h:mm am/pm") -> 18GX-147-bz 5-6 v 7-8-3:00 PM | AS60: ='18U_F_Classic-44'!L211&"-"&'18U_F_Classic-44'!O211&"-"&TEXT('18U_F_Classic-44'!B211,"h:mm am/pm") -> 18GX-145-ag 5-6 v 7-8-3:00 PM | AU60: 0.625 | AV60: ='16U_F_Champ'!L218&"-"&'16U_F_Champ'!O218&"-"&TEXT('16U_F_Champ'!B218,"h:mm am/pm") -> 16G-146-pt_21-24 RR-3:00 PM | AW60: ='16U_F_Champ'!L233&"-"&'16U_F_Champ'!O233&"-"&TEXT('16U_F_Champ'!B233,"h:mm am/pm") -> 16G-147-au_5-6 v 7-8-3:00 PM | AY60: ='18U_F_Champ'!L209&"-"&'18U_F_Champ'!N209&"-"&TEXT('18U_F_Champ'!B209,"h:mm am/pm") -> 18G-145-pt_5-6 v 7-8-3:00 PM | AZ60: ='18U_F_Champ'!L224&"-"&'18U_F_Champ'!N224&"-"&TEXT('18U_F_Champ'!B224,"h:mm am/pm") -> 18G-146-pt_21-24 RR-3:00 PM | BA60: ='18U_F_Champ'!L253&"-"&'18U_F_Champ'!N253&"-"&TEXT('18U_F_Champ'!B253,"h:mm am/pm") -> 18G-144-au_21-24 RR-3:00 PM | BB60: ='18U_F_Champ'!L239&"-"&'18U_F_Champ'!N239&"-"&TEXT('18U_F_Champ'!B239,"h:mm am/pm") -> 18G-147-au_5-6 v 7-8-3:00 PM
